cond,participant,grid,tf,round,is_risky_jump,sim_risky_jumps_per_jump
show,Ag7NOrTo,WSN,S,0.0,True,0.4278333333333333
show,Aw0RHQKw,WSN,S,1.0,True,0.4278333333333333
show,a7CMkiUe,WSN,S,0.0,True,0.4278333333333333
show,e0IngydB,WSN,S,15.0,True,0.4278333333333333
show,sJlDinwi,WSN,S,14.0,False,0.4278333333333333
show,gJteCEas,WSN,S,14.0,True,0.4278333333333333
show,v4Rp8209,WSN,S,15.0,True,0.4278333333333333
show,NxaLA1L1,WSN,S,14.0,True,0.4278333333333333
show,NxaLA1L1,WSN,S,14.0,True,0.4278333333333333
show,NxaLA1L1,WSN,S,14.0,False,0.4278333333333333
show,NxaLA1L1,WSN,S,14.0,False,0.4278333333333333
show,17Aj5T04,WSN,S,1.0,True,0.4278333333333333
show,opIV1qhv,WSN,S,1.0,True,0.4278333333333333
show,8cHWS4Pz,WSN,S,0.0,True,0.4278333333333333
show,FnvvgUJu,WSN,S,15.0,False,0.4278333333333333
show,VmpCqjr5,WSN,S,1.0,True,0.4278333333333333
show,VmpCqjr5,WSN,S,1.0,True,0.4278333333333333
show,VmpCqjr5,WSN,S,1.0,False,0.4278333333333333
show,2dY8GH47,WSN,S,0.0,True,0.4278333333333333
show,MDrODjrc,WSN,S,15.0,True,0.4278333333333333
show,wwlSpGLi,WSN,S,14.0,True,0.4278333333333333
show,cFx0crqu,WSN,S,15.0,True,0.4278333333333333
show,F7aLu9Gt,WSN,S,1.0,True,0.4278333333333333
show,8g7mGUZ5,WSN,S,14.0,True,0.4278333333333333
show,IPiUAipm,WSN,S,15.0,True,0.4278333333333333
show,cTm1awYJ,WSN,S,14.0,False,0.4278333333333333
show,ML55sE0Q,WSN,S,15.0,True,0.4278333333333333
show,tUPOff8j,WSN,S,1.0,True,0.4278333333333333
show,Pp9ARpko,WSN,S,0.0,True,0.4278333333333333
show,r57jItLm,WSN,S,0.0,True,0.4278333333333333
show,uAgK2JnA,WSN,S,0.0,True,0.4278333333333333
show,fJexG0Zf,WSN,S,1.0,True,0.4278333333333333
show,DD0s3t9T,WSN,S,14.0,True,0.4278333333333333
show,kDzhSJcO,WSN,S,1.0,True,0.4278333333333333
show,GKX6rozI,WSN,S,0.0,True,0.4278333333333333
show,wmX83ynu,WSN,S,14.0,True,0.4278333333333333
show,J9eqPFX0,WSN,S,15.0,True,0.4278333333333333
show,hcX8RpyI,WSN,S,15.0,True,0.4278333333333333
show,6T2BVOrE,WSN,S,14.0,True,0.4278333333333333
show,FxGkTbo7,WSN,S,0.0,True,0.4278333333333333
show,hfuIbfPX,WSN,S,1.0,False,0.4278333333333333
show,DBFeSaHS,WSN,S,0.0,True,0.4278333333333333
show,ILsUHp7a,WSN,S,15.0,True,0.4278333333333333
show,ILsUHp7a,WSN,S,15.0,False,0.4278333333333333
show,ILsUHp7a,WSN,S,15.0,False,0.4278333333333333
show,ILsUHp7a,WSN,S,15.0,True,0.4278333333333333
show,ILsUHp7a,WSN,S,15.0,True,0.4278333333333333
show,ILsUHp7a,WSN,S,15.0,False,0.4278333333333333
show,ILsUHp7a,WSN,S,15.0,False,0.4278333333333333
show,ILsUHp7a,WSN,S,15.0,False,0.4278333333333333
show,ILsUHp7a,WSN,S,15.0,False,0.4278333333333333
show,aPLIvKR4,WSN,S,14.0,True,0.4278333333333333
show,aPLIvKR4,WSN,S,14.0,True,0.4278333333333333
show,aPLIvKR4,WSN,S,14.0,True,0.4278333333333333
show,YFR1YFDY,WSN,S,1.0,True,0.4278333333333333
show,Hx0YktGI,WSN,S,15.0,True,0.4278333333333333
show,Ag7NOrTo,WSN,W,1.0,True,0.03
show,Aw0RHQKw,WSN,W,14.0,True,0.03
show,Aw0RHQKw,WSN,W,14.0,False,0.03
show,Aw0RHQKw,WSN,W,14.0,False,0.03
show,Aw0RHQKw,WSN,W,14.0,False,0.03
show,Aw0RHQKw,WSN,W,14.0,False,0.03
show,Aw0RHQKw,WSN,W,14.0,False,0.03
show,a7CMkiUe,WSN,W,1.0,True,0.03
show,a7CMkiUe,WSN,W,1.0,False,0.03
show,e0IngydB,WSN,W,14.0,False,0.03
show,e0IngydB,WSN,W,14.0,False,0.03
show,sJlDinwi,WSN,W,1.0,False,0.03
show,sJlDinwi,WSN,W,1.0,False,0.03
show,sJlDinwi,WSN,W,1.0,False,0.03
show,sJlDinwi,WSN,W,1.0,False,0.03
show,gJteCEas,WSN,W,1.0,False,0.03
show,v4Rp8209,WSN,W,14.0,False,0.03
show,v4Rp8209,WSN,W,14.0,False,0.03
show,v4Rp8209,WSN,W,14.0,False,0.03
show,v4Rp8209,WSN,W,14.0,False,0.03
show,NxaLA1L1,WSN,W,1.0,False,0.03
show,17Aj5T04,WSN,W,14.0,False,0.03
show,17Aj5T04,WSN,W,14.0,False,0.03
show,17Aj5T04,WSN,W,14.0,False,0.03
show,17Aj5T04,WSN,W,14.0,False,0.03
show,17Aj5T04,WSN,W,14.0,False,0.03
show,opIV1qhv,WSN,W,14.0,False,0.03
show,8cHWS4Pz,WSN,W,1.0,True,0.03
show,FnvvgUJu,WSN,W,14.0,False,0.03
show,FnvvgUJu,WSN,W,14.0,False,0.03
show,FnvvgUJu,WSN,W,14.0,False,0.03
show,FnvvgUJu,WSN,W,14.0,False,0.03
show,VmpCqjr5,WSN,W,14.0,False,0.03
show,VmpCqjr5,WSN,W,14.0,False,0.03
show,VmpCqjr5,WSN,W,14.0,False,0.03
show,VmpCqjr5,WSN,W,14.0,False,0.03
show,VmpCqjr5,WSN,W,14.0,False,0.03
show,VmpCqjr5,WSN,W,14.0,False,0.03
show,2dY8GH47,WSN,W,1.0,True,0.03
show,2dY8GH47,WSN,W,1.0,False,0.03
show,2dY8GH47,WSN,W,1.0,False,0.03
show,2dY8GH47,WSN,W,1.0,False,0.03
show,2dY8GH47,WSN,W,1.0,False,0.03
show,2dY8GH47,WSN,W,1.0,False,0.03
show,MDrODjrc,WSN,W,14.0,False,0.03
show,MDrODjrc,WSN,W,14.0,False,0.03
show,MDrODjrc,WSN,W,14.0,False,0.03
show,MDrODjrc,WSN,W,14.0,True,0.03
show,MDrODjrc,WSN,W,14.0,False,0.03
show,wwlSpGLi,WSN,W,1.0,False,0.03
show,wwlSpGLi,WSN,W,1.0,False,0.03
show,cFx0crqu,WSN,W,14.0,False,0.03
show,cFx0crqu,WSN,W,14.0,False,0.03
show,cFx0crqu,WSN,W,14.0,False,0.03
show,cFx0crqu,WSN,W,14.0,False,0.03
show,cFx0crqu,WSN,W,14.0,False,0.03
show,F7aLu9Gt,WSN,W,14.0,False,0.03
show,8g7mGUZ5,WSN,W,1.0,True,0.03
show,IPiUAipm,WSN,W,14.0,True,0.03
show,IPiUAipm,WSN,W,14.0,False,0.03
show,IPiUAipm,WSN,W,14.0,False,0.03
show,IPiUAipm,WSN,W,14.0,False,0.03
show,IPiUAipm,WSN,W,14.0,False,0.03
show,IPiUAipm,WSN,W,14.0,False,0.03
show,cTm1awYJ,WSN,W,1.0,False,0.03
show,cTm1awYJ,WSN,W,1.0,False,0.03
show,cTm1awYJ,WSN,W,1.0,False,0.03
show,ML55sE0Q,WSN,W,14.0,False,0.03
show,ML55sE0Q,WSN,W,14.0,False,0.03
show,ML55sE0Q,WSN,W,14.0,False,0.03
show,ML55sE0Q,WSN,W,14.0,False,0.03
show,tUPOff8j,WSN,W,14.0,True,0.03
show,tUPOff8j,WSN,W,14.0,True,0.03
show,Pp9ARpko,WSN,W,1.0,True,0.03
show,Pp9ARpko,WSN,W,1.0,False,0.03
show,r57jItLm,WSN,W,1.0,False,0.03
show,r57jItLm,WSN,W,1.0,False,0.03
show,uAgK2JnA,WSN,W,1.0,False,0.03
show,uAgK2JnA,WSN,W,1.0,True,0.03
show,uAgK2JnA,WSN,W,1.0,False,0.03
show,fJexG0Zf,WSN,W,14.0,True,0.03
show,DD0s3t9T,WSN,W,1.0,True,0.03
show,DD0s3t9T,WSN,W,1.0,False,0.03
show,kDzhSJcO,WSN,W,14.0,False,0.03
show,kDzhSJcO,WSN,W,14.0,False,0.03
show,kDzhSJcO,WSN,W,14.0,False,0.03
show,kDzhSJcO,WSN,W,14.0,False,0.03
show,GKX6rozI,WSN,W,1.0,False,0.03
show,GKX6rozI,WSN,W,1.0,False,0.03
show,wmX83ynu,WSN,W,1.0,True,0.03
show,wmX83ynu,WSN,W,1.0,False,0.03
show,wmX83ynu,WSN,W,1.0,False,0.03
show,J9eqPFX0,WSN,W,14.0,False,0.03
show,hcX8RpyI,WSN,W,14.0,True,0.03
show,hcX8RpyI,WSN,W,14.0,False,0.03
show,hcX8RpyI,WSN,W,14.0,False,0.03
show,hcX8RpyI,WSN,W,14.0,False,0.03
show,6T2BVOrE,WSN,W,1.0,False,0.03
show,6T2BVOrE,WSN,W,1.0,False,0.03
show,6T2BVOrE,WSN,W,1.0,False,0.03
show,FxGkTbo7,WSN,W,1.0,False,0.03
show,FxGkTbo7,WSN,W,1.0,False,0.03
show,hfuIbfPX,WSN,W,14.0,False,0.03
show,DBFeSaHS,WSN,W,1.0,False,0.03
show,DBFeSaHS,WSN,W,1.0,False,0.03
show,ILsUHp7a,WSN,W,14.0,False,0.03
show,ILsUHp7a,WSN,W,14.0,False,0.03
show,ILsUHp7a,WSN,W,14.0,False,0.03
show,aPLIvKR4,WSN,W,1.0,False,0.03
show,aPLIvKR4,WSN,W,1.0,False,0.03
show,aPLIvKR4,WSN,W,1.0,False,0.03
show,aPLIvKR4,WSN,W,1.0,False,0.03
show,YFR1YFDY,WSN,W,14.0,False,0.03
show,Hx0YktGI,WSN,W,14.0,True,0.03
show,Hx0YktGI,WSN,W,14.0,True,0.03
show,Hx0YktGI,WSN,W,14.0,False,0.03
show,Ag7NOrTo,WNS,S,2.0,False,0.975
show,Aw0RHQKw,WNS,S,0.0,True,0.975
show,a7CMkiUe,WNS,S,2.0,False,0.975
show,e0IngydB,WNS,S,13.0,False,0.975
show,sJlDinwi,WNS,S,15.0,False,0.975
show,gJteCEas,WNS,S,15.0,True,0.975
show,v4Rp8209,WNS,S,13.0,False,0.975
show,NxaLA1L1,WNS,S,15.0,True,0.975
show,NxaLA1L1,WNS,S,15.0,False,0.975
show,NxaLA1L1,WNS,S,15.0,False,0.975
show,17Aj5T04,WNS,S,0.0,True,0.975
show,opIV1qhv,WNS,S,0.0,False,0.975
show,8cHWS4Pz,WNS,S,2.0,False,0.975
show,FnvvgUJu,WNS,S,13.0,False,0.975
show,VmpCqjr5,WNS,S,0.0,False,0.975
show,VmpCqjr5,WNS,S,0.0,False,0.975
show,2dY8GH47,WNS,S,2.0,False,0.975
show,MDrODjrc,WNS,S,13.0,False,0.975
show,wwlSpGLi,WNS,S,15.0,False,0.975
show,cFx0crqu,WNS,S,13.0,True,0.975
show,F7aLu9Gt,WNS,S,0.0,True,0.975
show,8g7mGUZ5,WNS,S,15.0,False,0.975
show,IPiUAipm,WNS,S,13.0,True,0.975
show,cTm1awYJ,WNS,S,15.0,False,0.975
show,ML55sE0Q,WNS,S,13.0,False,0.975
show,tUPOff8j,WNS,S,0.0,False,0.975
show,Pp9ARpko,WNS,S,2.0,True,0.975
show,r57jItLm,WNS,S,2.0,True,0.975
show,uAgK2JnA,WNS,S,2.0,False,0.975
show,fJexG0Zf,WNS,S,0.0,True,0.975
show,DD0s3t9T,WNS,S,15.0,False,0.975
show,kDzhSJcO,WNS,S,0.0,True,0.975
show,GKX6rozI,WNS,S,2.0,False,0.975
show,wmX83ynu,WNS,S,15.0,True,0.975
show,J9eqPFX0,WNS,S,13.0,True,0.975
show,hcX8RpyI,WNS,S,13.0,True,0.975
show,6T2BVOrE,WNS,S,15.0,True,0.975
show,FxGkTbo7,WNS,S,2.0,True,0.975
show,hfuIbfPX,WNS,S,0.0,False,0.975
show,DBFeSaHS,WNS,S,2.0,False,0.975
show,ILsUHp7a,WNS,S,13.0,False,0.975
show,ILsUHp7a,WNS,S,13.0,False,0.975
show,aPLIvKR4,WNS,S,15.0,True,0.975
show,aPLIvKR4,WNS,S,15.0,False,0.975
show,aPLIvKR4,WNS,S,15.0,False,0.975
show,aPLIvKR4,WNS,S,15.0,False,0.975
show,aPLIvKR4,WNS,S,15.0,False,0.975
show,aPLIvKR4,WNS,S,15.0,False,0.975
show,aPLIvKR4,WNS,S,15.0,True,0.975
show,aPLIvKR4,WNS,S,15.0,False,0.975
show,YFR1YFDY,WNS,S,0.0,False,0.975
show,Hx0YktGI,WNS,S,13.0,True,0.975
show,Ag7NOrTo,WNW,W,3.0,False,0.0
show,Ag7NOrTo,WNW,W,3.0,False,0.0
show,Aw0RHQKw,WNW,W,11.0,False,0.0
show,Aw0RHQKw,WNW,W,11.0,False,0.0
show,Aw0RHQKw,WNW,W,11.0,False,0.0
show,Aw0RHQKw,WNW,W,11.0,False,0.0
show,a7CMkiUe,WNW,W,3.0,False,0.0
show,e0IngydB,WNW,W,12.0,False,0.0
show,sJlDinwi,WNW,W,4.0,False,0.0
show,sJlDinwi,WNW,W,4.0,False,0.0
show,sJlDinwi,WNW,W,4.0,False,0.0
show,gJteCEas,WNW,W,4.0,False,0.0
show,v4Rp8209,WNW,W,12.0,False,0.0
show,v4Rp8209,WNW,W,12.0,True,0.0
show,17Aj5T04,WNW,W,11.0,False,0.0
show,17Aj5T04,WNW,W,11.0,False,0.0
show,opIV1qhv,WNW,W,11.0,False,0.0
show,8cHWS4Pz,WNW,W,3.0,False,0.0
show,FnvvgUJu,WNW,W,12.0,False,0.0
show,VmpCqjr5,WNW,W,11.0,False,0.0
show,VmpCqjr5,WNW,W,11.0,False,0.0
show,VmpCqjr5,WNW,W,11.0,False,0.0
show,VmpCqjr5,WNW,W,11.0,False,0.0
show,2dY8GH47,WNW,W,3.0,False,0.0
show,MDrODjrc,WNW,W,12.0,False,0.0
show,wwlSpGLi,WNW,W,4.0,False,0.0
show,cFx0crqu,WNW,W,12.0,True,0.0
show,cFx0crqu,WNW,W,12.0,False,0.0
show,cFx0crqu,WNW,W,12.0,True,0.0
show,cFx0crqu,WNW,W,12.0,False,0.0
show,cFx0crqu,WNW,W,12.0,False,0.0
show,cFx0crqu,WNW,W,12.0,False,0.0
show,F7aLu9Gt,WNW,W,11.0,False,0.0
show,8g7mGUZ5,WNW,W,4.0,True,0.0
show,8g7mGUZ5,WNW,W,4.0,True,0.0
show,IPiUAipm,WNW,W,12.0,False,0.0
show,IPiUAipm,WNW,W,12.0,False,0.0
show,IPiUAipm,WNW,W,12.0,False,0.0
show,IPiUAipm,WNW,W,12.0,False,0.0
show,IPiUAipm,WNW,W,12.0,False,0.0
show,IPiUAipm,WNW,W,12.0,False,0.0
show,IPiUAipm,WNW,W,12.0,False,0.0
show,IPiUAipm,WNW,W,12.0,False,0.0
show,IPiUAipm,WNW,W,12.0,False,0.0
show,IPiUAipm,WNW,W,12.0,False,0.0
show,IPiUAipm,WNW,W,12.0,False,0.0
show,IPiUAipm,WNW,W,12.0,False,0.0
show,cTm1awYJ,WNW,W,4.0,False,0.0
show,cTm1awYJ,WNW,W,4.0,False,0.0
show,cTm1awYJ,WNW,W,4.0,False,0.0
show,ML55sE0Q,WNW,W,12.0,False,0.0
show,ML55sE0Q,WNW,W,12.0,False,0.0
show,ML55sE0Q,WNW,W,12.0,False,0.0
show,tUPOff8j,WNW,W,11.0,True,0.0
show,tUPOff8j,WNW,W,11.0,True,0.0
show,tUPOff8j,WNW,W,11.0,False,0.0
show,tUPOff8j,WNW,W,11.0,False,0.0
show,tUPOff8j,WNW,W,11.0,False,0.0
show,tUPOff8j,WNW,W,11.0,False,0.0
show,tUPOff8j,WNW,W,11.0,False,0.0
show,Pp9ARpko,WNW,W,3.0,True,0.0
show,r57jItLm,WNW,W,3.0,False,0.0
show,r57jItLm,WNW,W,3.0,False,0.0
show,r57jItLm,WNW,W,3.0,False,0.0
show,r57jItLm,WNW,W,3.0,False,0.0
show,uAgK2JnA,WNW,W,3.0,False,0.0
show,uAgK2JnA,WNW,W,3.0,True,0.0
show,fJexG0Zf,WNW,W,11.0,False,0.0
show,DD0s3t9T,WNW,W,4.0,False,0.0
show,kDzhSJcO,WNW,W,11.0,False,0.0
show,GKX6rozI,WNW,W,3.0,False,0.0
show,wmX83ynu,WNW,W,4.0,False,0.0
show,J9eqPFX0,WNW,W,12.0,False,0.0
show,J9eqPFX0,WNW,W,12.0,True,0.0
show,hcX8RpyI,WNW,W,12.0,True,0.0
show,hcX8RpyI,WNW,W,12.0,False,0.0
show,hcX8RpyI,WNW,W,12.0,False,0.0
show,6T2BVOrE,WNW,W,4.0,False,0.0
show,6T2BVOrE,WNW,W,4.0,False,0.0
show,6T2BVOrE,WNW,W,4.0,False,0.0
show,6T2BVOrE,WNW,W,4.0,False,0.0
show,FxGkTbo7,WNW,W,3.0,False,0.0
show,hfuIbfPX,WNW,W,11.0,False,0.0
show,DBFeSaHS,WNW,W,3.0,False,0.0
show,ILsUHp7a,WNW,W,12.0,False,0.0
show,ILsUHp7a,WNW,W,12.0,False,0.0
show,ILsUHp7a,WNW,W,12.0,False,0.0
show,ILsUHp7a,WNW,W,12.0,False,0.0
show,aPLIvKR4,WNW,W,4.0,True,0.0
show,aPLIvKR4,WNW,W,4.0,True,0.0
show,aPLIvKR4,WNW,W,4.0,True,0.0
show,aPLIvKR4,WNW,W,4.0,False,0.0
show,YFR1YFDY,WNW,W,11.0,False,0.0
show,Hx0YktGI,WNW,W,12.0,False,0.0
show,Ag7NOrTo,NSW,S,4.0,True,0.9703333333333333
show,Aw0RHQKw,NSW,S,3.0,True,0.9703333333333333
show,a7CMkiUe,NSW,S,4.0,False,0.9703333333333333
show,e0IngydB,NSW,S,11.0,True,0.9703333333333333
show,sJlDinwi,NSW,S,12.0,False,0.9703333333333333
show,gJteCEas,NSW,S,12.0,True,0.9703333333333333
show,v4Rp8209,NSW,S,11.0,False,0.9703333333333333
show,v4Rp8209,NSW,S,11.0,False,0.9703333333333333
show,NxaLA1L1,NSW,S,12.0,False,0.9703333333333333
show,NxaLA1L1,NSW,S,12.0,False,0.9703333333333333
show,17Aj5T04,NSW,S,3.0,True,0.9703333333333333
show,opIV1qhv,NSW,S,3.0,True,0.9703333333333333
show,8cHWS4Pz,NSW,S,4.0,True,0.9703333333333333
show,FnvvgUJu,NSW,S,11.0,False,0.9703333333333333
show,VmpCqjr5,NSW,S,3.0,True,0.9703333333333333
show,VmpCqjr5,NSW,S,3.0,True,0.9703333333333333
show,VmpCqjr5,NSW,S,3.0,True,0.9703333333333333
show,2dY8GH47,NSW,S,4.0,True,0.9703333333333333
show,MDrODjrc,NSW,S,11.0,False,0.9703333333333333
show,wwlSpGLi,NSW,S,12.0,False,0.9703333333333333
show,cFx0crqu,NSW,S,11.0,True,0.9703333333333333
show,F7aLu9Gt,NSW,S,3.0,True,0.9703333333333333
show,8g7mGUZ5,NSW,S,12.0,False,0.9703333333333333
show,IPiUAipm,NSW,S,11.0,True,0.9703333333333333
show,cTm1awYJ,NSW,S,12.0,False,0.9703333333333333
show,ML55sE0Q,NSW,S,11.0,True,0.9703333333333333
show,tUPOff8j,NSW,S,3.0,True,0.9703333333333333
show,Pp9ARpko,NSW,S,4.0,True,0.9703333333333333
show,r57jItLm,NSW,S,4.0,True,0.9703333333333333
show,uAgK2JnA,NSW,S,4.0,True,0.9703333333333333
show,fJexG0Zf,NSW,S,3.0,True,0.9703333333333333
show,DD0s3t9T,NSW,S,12.0,True,0.9703333333333333
show,kDzhSJcO,NSW,S,3.0,True,0.9703333333333333
show,GKX6rozI,NSW,S,4.0,True,0.9703333333333333
show,wmX83ynu,NSW,S,12.0,True,0.9703333333333333
show,J9eqPFX0,NSW,S,11.0,True,0.9703333333333333
show,J9eqPFX0,NSW,S,11.0,True,0.9703333333333333
show,hcX8RpyI,NSW,S,11.0,True,0.9703333333333333
show,6T2BVOrE,NSW,S,12.0,True,0.9703333333333333
show,FxGkTbo7,NSW,S,4.0,True,0.9703333333333333
show,hfuIbfPX,NSW,S,3.0,False,0.9703333333333333
show,DBFeSaHS,NSW,S,4.0,True,0.9703333333333333
show,ILsUHp7a,NSW,S,11.0,False,0.9703333333333333
show,ILsUHp7a,NSW,S,11.0,False,0.9703333333333333
show,ILsUHp7a,NSW,S,11.0,False,0.9703333333333333
show,ILsUHp7a,NSW,S,11.0,True,0.9703333333333333
show,aPLIvKR4,NSW,S,12.0,True,0.9703333333333333
show,aPLIvKR4,NSW,S,12.0,False,0.9703333333333333
show,aPLIvKR4,NSW,S,12.0,False,0.9703333333333333
show,aPLIvKR4,NSW,S,12.0,True,0.9703333333333333
show,aPLIvKR4,NSW,S,12.0,False,0.9703333333333333
show,YFR1YFDY,NSW,S,3.0,False,0.9703333333333333
show,Hx0YktGI,NSW,S,11.0,True,0.9703333333333333
show,Ag7NOrTo,WNS,W,5.0,True,0.4233333333333333
show,Aw0RHQKw,WNS,W,8.0,False,0.4233333333333333
show,Aw0RHQKw,WNS,W,8.0,False,0.4233333333333333
show,a7CMkiUe,WNS,W,5.0,False,0.4233333333333333
show,e0IngydB,WNS,W,10.0,False,0.4233333333333333
show,sJlDinwi,WNS,W,7.0,False,0.4233333333333333
show,gJteCEas,WNS,W,7.0,False,0.4233333333333333
show,v4Rp8209,WNS,W,10.0,False,0.4233333333333333
show,17Aj5T04,WNS,W,8.0,False,0.4233333333333333
show,opIV1qhv,WNS,W,8.0,False,0.4233333333333333
show,8cHWS4Pz,WNS,W,5.0,False,0.4233333333333333
show,FnvvgUJu,WNS,W,10.0,False,0.4233333333333333
show,VmpCqjr5,WNS,W,8.0,False,0.4233333333333333
show,VmpCqjr5,WNS,W,8.0,False,0.4233333333333333
show,2dY8GH47,WNS,W,5.0,False,0.4233333333333333
show,MDrODjrc,WNS,W,10.0,False,0.4233333333333333
show,wwlSpGLi,WNS,W,7.0,False,0.4233333333333333
show,cFx0crqu,WNS,W,10.0,False,0.4233333333333333
show,F7aLu9Gt,WNS,W,8.0,False,0.4233333333333333
show,8g7mGUZ5,WNS,W,7.0,True,0.4233333333333333
show,IPiUAipm,WNS,W,10.0,True,0.4233333333333333
show,IPiUAipm,WNS,W,10.0,False,0.4233333333333333
show,cTm1awYJ,WNS,W,7.0,False,0.4233333333333333
show,ML55sE0Q,WNS,W,10.0,False,0.4233333333333333
show,tUPOff8j,WNS,W,8.0,False,0.4233333333333333
show,Pp9ARpko,WNS,W,5.0,False,0.4233333333333333
show,r57jItLm,WNS,W,5.0,False,0.4233333333333333
show,uAgK2JnA,WNS,W,5.0,False,0.4233333333333333
show,fJexG0Zf,WNS,W,8.0,False,0.4233333333333333
show,DD0s3t9T,WNS,W,7.0,False,0.4233333333333333
show,kDzhSJcO,WNS,W,8.0,False,0.4233333333333333
show,GKX6rozI,WNS,W,5.0,False,0.4233333333333333
show,wmX83ynu,WNS,W,7.0,False,0.4233333333333333
show,J9eqPFX0,WNS,W,10.0,False,0.4233333333333333
show,hcX8RpyI,WNS,W,10.0,True,0.4233333333333333
show,6T2BVOrE,WNS,W,7.0,False,0.4233333333333333
show,FxGkTbo7,WNS,W,5.0,False,0.4233333333333333
show,hfuIbfPX,WNS,W,8.0,False,0.4233333333333333
show,DBFeSaHS,WNS,W,5.0,False,0.4233333333333333
show,ILsUHp7a,WNS,W,10.0,False,0.4233333333333333
show,ILsUHp7a,WNS,W,10.0,True,0.4233333333333333
show,ILsUHp7a,WNS,W,10.0,False,0.4233333333333333
show,aPLIvKR4,WNS,W,7.0,True,0.4233333333333333
show,aPLIvKR4,WNS,W,7.0,False,0.4233333333333333
show,aPLIvKR4,WNS,W,7.0,False,0.4233333333333333
show,YFR1YFDY,WNS,W,8.0,False,0.4233333333333333
show,Hx0YktGI,WNS,W,10.0,False,0.4233333333333333
show,Ag7NOrTo,SNW,S,6.0,True,0.12666666666666665
show,Aw0RHQKw,SNW,S,6.0,True,0.12666666666666665
show,a7CMkiUe,SNW,S,6.0,False,0.12666666666666665
show,e0IngydB,SNW,S,9.0,False,0.12666666666666665
show,sJlDinwi,SNW,S,9.0,False,0.12666666666666665
show,gJteCEas,SNW,S,9.0,True,0.12666666666666665
show,v4Rp8209,SNW,S,9.0,False,0.12666666666666665
show,NxaLA1L1,SNW,S,9.0,False,0.12666666666666665
show,NxaLA1L1,SNW,S,9.0,True,0.12666666666666665
show,NxaLA1L1,SNW,S,9.0,True,0.12666666666666665
show,17Aj5T04,SNW,S,6.0,False,0.12666666666666665
show,opIV1qhv,SNW,S,6.0,False,0.12666666666666665
show,8cHWS4Pz,SNW,S,6.0,False,0.12666666666666665
show,FnvvgUJu,SNW,S,9.0,False,0.12666666666666665
show,VmpCqjr5,SNW,S,6.0,False,0.12666666666666665
show,VmpCqjr5,SNW,S,6.0,True,0.12666666666666665
show,VmpCqjr5,SNW,S,6.0,False,0.12666666666666665
show,2dY8GH47,SNW,S,6.0,False,0.12666666666666665
show,MDrODjrc,SNW,S,9.0,False,0.12666666666666665
show,wwlSpGLi,SNW,S,9.0,False,0.12666666666666665
show,cFx0crqu,SNW,S,9.0,True,0.12666666666666665
show,F7aLu9Gt,SNW,S,6.0,True,0.12666666666666665
show,8g7mGUZ5,SNW,S,9.0,False,0.12666666666666665
show,IPiUAipm,SNW,S,9.0,True,0.12666666666666665
show,cTm1awYJ,SNW,S,9.0,False,0.12666666666666665
show,ML55sE0Q,SNW,S,9.0,False,0.12666666666666665
show,tUPOff8j,SNW,S,6.0,False,0.12666666666666665
show,tUPOff8j,SNW,S,6.0,False,0.12666666666666665
show,tUPOff8j,SNW,S,6.0,True,0.12666666666666665
show,Pp9ARpko,SNW,S,6.0,True,0.12666666666666665
show,r57jItLm,SNW,S,6.0,False,0.12666666666666665
show,r57jItLm,SNW,S,6.0,False,0.12666666666666665
show,r57jItLm,SNW,S,6.0,False,0.12666666666666665
show,uAgK2JnA,SNW,S,6.0,False,0.12666666666666665
show,fJexG0Zf,SNW,S,6.0,True,0.12666666666666665
show,DD0s3t9T,SNW,S,9.0,False,0.12666666666666665
show,DD0s3t9T,SNW,S,9.0,True,0.12666666666666665
show,kDzhSJcO,SNW,S,6.0,True,0.12666666666666665
show,GKX6rozI,SNW,S,6.0,False,0.12666666666666665
show,GKX6rozI,SNW,S,6.0,True,0.12666666666666665
show,wmX83ynu,SNW,S,9.0,True,0.12666666666666665
show,J9eqPFX0,SNW,S,9.0,False,0.12666666666666665
show,hcX8RpyI,SNW,S,9.0,True,0.12666666666666665
show,6T2BVOrE,SNW,S,9.0,True,0.12666666666666665
show,6T2BVOrE,SNW,S,9.0,False,0.12666666666666665
show,FxGkTbo7,SNW,S,6.0,False,0.12666666666666665
show,hfuIbfPX,SNW,S,6.0,False,0.12666666666666665
show,DBFeSaHS,SNW,S,6.0,False,0.12666666666666665
show,ILsUHp7a,SNW,S,9.0,False,0.12666666666666665
show,ILsUHp7a,SNW,S,9.0,False,0.12666666666666665
show,ILsUHp7a,SNW,S,9.0,False,0.12666666666666665
show,aPLIvKR4,SNW,S,9.0,True,0.12666666666666665
show,aPLIvKR4,SNW,S,9.0,True,0.12666666666666665
show,aPLIvKR4,SNW,S,9.0,False,0.12666666666666665
show,aPLIvKR4,SNW,S,9.0,True,0.12666666666666665
show,aPLIvKR4,SNW,S,9.0,False,0.12666666666666665
show,YFR1YFDY,SNW,S,6.0,False,0.12666666666666665
show,Hx0YktGI,SNW,S,9.0,True,0.12666666666666665
show,Ag7NOrTo,WNW,S,7.0,True,0.5113333333333333
show,Ag7NOrTo,WNW,S,7.0,True,0.5113333333333333
show,Ag7NOrTo,WNW,S,7.0,False,0.5113333333333333
show,Ag7NOrTo,WNW,S,7.0,False,0.5113333333333333
show,Aw0RHQKw,WNW,S,13.0,False,0.5113333333333333
show,a7CMkiUe,WNW,S,7.0,False,0.5113333333333333
show,e0IngydB,WNW,S,8.0,False,0.5113333333333333
show,sJlDinwi,WNW,S,2.0,False,0.5113333333333333
show,sJlDinwi,WNW,S,2.0,False,0.5113333333333333
show,sJlDinwi,WNW,S,2.0,False,0.5113333333333333
show,sJlDinwi,WNW,S,2.0,False,0.5113333333333333
show,gJteCEas,WNW,S,2.0,False,0.5113333333333333
show,v4Rp8209,WNW,S,8.0,False,0.5113333333333333
show,v4Rp8209,WNW,S,8.0,False,0.5113333333333333
show,v4Rp8209,WNW,S,8.0,False,0.5113333333333333
show,NxaLA1L1,WNW,S,2.0,False,0.5113333333333333
show,NxaLA1L1,WNW,S,2.0,False,0.5113333333333333
show,NxaLA1L1,WNW,S,2.0,False,0.5113333333333333
show,NxaLA1L1,WNW,S,2.0,False,0.5113333333333333
show,NxaLA1L1,WNW,S,2.0,False,0.5113333333333333
show,17Aj5T04,WNW,S,13.0,False,0.5113333333333333
show,17Aj5T04,WNW,S,13.0,False,0.5113333333333333
show,17Aj5T04,WNW,S,13.0,False,0.5113333333333333
show,17Aj5T04,WNW,S,13.0,False,0.5113333333333333
show,17Aj5T04,WNW,S,13.0,False,0.5113333333333333
show,opIV1qhv,WNW,S,13.0,False,0.5113333333333333
show,8cHWS4Pz,WNW,S,7.0,False,0.5113333333333333
show,FnvvgUJu,WNW,S,8.0,False,0.5113333333333333
show,FnvvgUJu,WNW,S,8.0,False,0.5113333333333333
show,VmpCqjr5,WNW,S,13.0,False,0.5113333333333333
show,VmpCqjr5,WNW,S,13.0,False,0.5113333333333333
show,VmpCqjr5,WNW,S,13.0,False,0.5113333333333333
show,VmpCqjr5,WNW,S,13.0,False,0.5113333333333333
show,VmpCqjr5,WNW,S,13.0,False,0.5113333333333333
show,VmpCqjr5,WNW,S,13.0,False,0.5113333333333333
show,VmpCqjr5,WNW,S,13.0,False,0.5113333333333333
show,2dY8GH47,WNW,S,7.0,False,0.5113333333333333
show,MDrODjrc,WNW,S,8.0,False,0.5113333333333333
show,MDrODjrc,WNW,S,8.0,False,0.5113333333333333
show,wwlSpGLi,WNW,S,2.0,False,0.5113333333333333
show,cFx0crqu,WNW,S,8.0,False,0.5113333333333333
show,cFx0crqu,WNW,S,8.0,False,0.5113333333333333
show,cFx0crqu,WNW,S,8.0,False,0.5113333333333333
show,F7aLu9Gt,WNW,S,13.0,False,0.5113333333333333
show,8g7mGUZ5,WNW,S,2.0,False,0.5113333333333333
show,IPiUAipm,WNW,S,8.0,False,0.5113333333333333
show,IPiUAipm,WNW,S,8.0,False,0.5113333333333333
show,IPiUAipm,WNW,S,8.0,False,0.5113333333333333
show,IPiUAipm,WNW,S,8.0,False,0.5113333333333333
show,IPiUAipm,WNW,S,8.0,False,0.5113333333333333
show,cTm1awYJ,WNW,S,2.0,False,0.5113333333333333
show,cTm1awYJ,WNW,S,2.0,False,0.5113333333333333
show,ML55sE0Q,WNW,S,8.0,False,0.5113333333333333
show,ML55sE0Q,WNW,S,8.0,False,0.5113333333333333
show,tUPOff8j,WNW,S,13.0,False,0.5113333333333333
show,tUPOff8j,WNW,S,13.0,False,0.5113333333333333
show,Pp9ARpko,WNW,S,7.0,False,0.5113333333333333
show,Pp9ARpko,WNW,S,7.0,False,0.5113333333333333
show,r57jItLm,WNW,S,7.0,False,0.5113333333333333
show,r57jItLm,WNW,S,7.0,False,0.5113333333333333
show,r57jItLm,WNW,S,7.0,False,0.5113333333333333
show,r57jItLm,WNW,S,7.0,False,0.5113333333333333
show,uAgK2JnA,WNW,S,7.0,False,0.5113333333333333
show,uAgK2JnA,WNW,S,7.0,False,0.5113333333333333
show,uAgK2JnA,WNW,S,7.0,False,0.5113333333333333
show,uAgK2JnA,WNW,S,7.0,False,0.5113333333333333
show,fJexG0Zf,WNW,S,13.0,False,0.5113333333333333
show,DD0s3t9T,WNW,S,2.0,False,0.5113333333333333
show,kDzhSJcO,WNW,S,13.0,False,0.5113333333333333
show,kDzhSJcO,WNW,S,13.0,False,0.5113333333333333
show,kDzhSJcO,WNW,S,13.0,False,0.5113333333333333
show,kDzhSJcO,WNW,S,13.0,False,0.5113333333333333
show,kDzhSJcO,WNW,S,13.0,False,0.5113333333333333
show,kDzhSJcO,WNW,S,13.0,False,0.5113333333333333
show,GKX6rozI,WNW,S,7.0,True,0.5113333333333333
show,GKX6rozI,WNW,S,7.0,False,0.5113333333333333
show,wmX83ynu,WNW,S,2.0,True,0.5113333333333333
show,J9eqPFX0,WNW,S,8.0,False,0.5113333333333333
show,J9eqPFX0,WNW,S,8.0,False,0.5113333333333333
show,J9eqPFX0,WNW,S,8.0,False,0.5113333333333333
show,hcX8RpyI,WNW,S,8.0,False,0.5113333333333333
show,hcX8RpyI,WNW,S,8.0,False,0.5113333333333333
show,hcX8RpyI,WNW,S,8.0,False,0.5113333333333333
show,6T2BVOrE,WNW,S,2.0,False,0.5113333333333333
show,6T2BVOrE,WNW,S,2.0,False,0.5113333333333333
show,FxGkTbo7,WNW,S,7.0,False,0.5113333333333333
show,FxGkTbo7,WNW,S,7.0,False,0.5113333333333333
show,hfuIbfPX,WNW,S,13.0,False,0.5113333333333333
show,DBFeSaHS,WNW,S,7.0,False,0.5113333333333333
show,DBFeSaHS,WNW,S,7.0,False,0.5113333333333333
show,DBFeSaHS,WNW,S,7.0,False,0.5113333333333333
show,ILsUHp7a,WNW,S,8.0,False,0.5113333333333333
show,ILsUHp7a,WNW,S,8.0,False,0.5113333333333333
show,ILsUHp7a,WNW,S,8.0,False,0.5113333333333333
show,ILsUHp7a,WNW,S,8.0,False,0.5113333333333333
show,ILsUHp7a,WNW,S,8.0,False,0.5113333333333333
show,ILsUHp7a,WNW,S,8.0,False,0.5113333333333333
show,ILsUHp7a,WNW,S,8.0,False,0.5113333333333333
show,aPLIvKR4,WNW,S,2.0,True,0.5113333333333333
show,aPLIvKR4,WNW,S,2.0,True,0.5113333333333333
show,aPLIvKR4,WNW,S,2.0,True,0.5113333333333333
show,aPLIvKR4,WNW,S,2.0,False,0.5113333333333333
show,aPLIvKR4,WNW,S,2.0,False,0.5113333333333333
show,aPLIvKR4,WNW,S,2.0,False,0.5113333333333333
show,aPLIvKR4,WNW,S,2.0,False,0.5113333333333333
show,aPLIvKR4,WNW,S,2.0,False,0.5113333333333333
show,YFR1YFDY,WNW,S,13.0,False,0.5113333333333333
show,Hx0YktGI,WNW,S,8.0,True,0.5113333333333333
show,Hx0YktGI,WNW,S,8.0,True,0.5113333333333333
show,Hx0YktGI,WNW,S,8.0,True,0.5113333333333333
show,Hx0YktGI,WNW,S,8.0,False,0.5113333333333333
show,Ag7NOrTo,SWN,W,8.0,True,0.7466666666666665
show,Aw0RHQKw,SWN,W,4.0,True,0.7466666666666665
show,Aw0RHQKw,SWN,W,4.0,True,0.7466666666666665
show,Aw0RHQKw,SWN,W,4.0,True,0.7466666666666665
show,a7CMkiUe,SWN,W,8.0,True,0.7466666666666665
show,e0IngydB,SWN,W,7.0,True,0.7466666666666665
show,sJlDinwi,SWN,W,11.0,True,0.7466666666666665
show,sJlDinwi,SWN,W,11.0,False,0.7466666666666665
show,sJlDinwi,SWN,W,11.0,False,0.7466666666666665
show,gJteCEas,SWN,W,11.0,False,0.7466666666666665
show,v4Rp8209,SWN,W,7.0,True,0.7466666666666665
show,v4Rp8209,SWN,W,7.0,True,0.7466666666666665
show,v4Rp8209,SWN,W,7.0,True,0.7466666666666665
show,v4Rp8209,SWN,W,7.0,True,0.7466666666666665
show,17Aj5T04,SWN,W,4.0,True,0.7466666666666665
show,17Aj5T04,SWN,W,4.0,True,0.7466666666666665
show,opIV1qhv,SWN,W,4.0,True,0.7466666666666665
show,8cHWS4Pz,SWN,W,8.0,True,0.7466666666666665
show,FnvvgUJu,SWN,W,7.0,True,0.7466666666666665
show,FnvvgUJu,SWN,W,7.0,False,0.7466666666666665
show,FnvvgUJu,SWN,W,7.0,False,0.7466666666666665
show,VmpCqjr5,SWN,W,4.0,True,0.7466666666666665
show,VmpCqjr5,SWN,W,4.0,True,0.7466666666666665
show,VmpCqjr5,SWN,W,4.0,False,0.7466666666666665
show,2dY8GH47,SWN,W,8.0,True,0.7466666666666665
show,MDrODjrc,SWN,W,7.0,False,0.7466666666666665
show,wwlSpGLi,SWN,W,11.0,False,0.7466666666666665
show,cFx0crqu,SWN,W,7.0,True,0.7466666666666665
show,F7aLu9Gt,SWN,W,4.0,True,0.7466666666666665
show,8g7mGUZ5,SWN,W,11.0,False,0.7466666666666665
show,IPiUAipm,SWN,W,7.0,True,0.7466666666666665
show,IPiUAipm,SWN,W,7.0,True,0.7466666666666665
show,cTm1awYJ,SWN,W,11.0,True,0.7466666666666665
show,cTm1awYJ,SWN,W,11.0,True,0.7466666666666665
show,ML55sE0Q,SWN,W,7.0,True,0.7466666666666665
show,ML55sE0Q,SWN,W,7.0,True,0.7466666666666665
show,tUPOff8j,SWN,W,4.0,True,0.7466666666666665
show,tUPOff8j,SWN,W,4.0,True,0.7466666666666665
show,tUPOff8j,SWN,W,4.0,True,0.7466666666666665
show,Pp9ARpko,SWN,W,8.0,True,0.7466666666666665
show,r57jItLm,SWN,W,8.0,True,0.7466666666666665
show,r57jItLm,SWN,W,8.0,True,0.7466666666666665
show,r57jItLm,SWN,W,8.0,True,0.7466666666666665
show,r57jItLm,SWN,W,8.0,True,0.7466666666666665
show,r57jItLm,SWN,W,8.0,True,0.7466666666666665
show,uAgK2JnA,SWN,W,8.0,True,0.7466666666666665
show,uAgK2JnA,SWN,W,8.0,True,0.7466666666666665
show,uAgK2JnA,SWN,W,8.0,True,0.7466666666666665
show,fJexG0Zf,SWN,W,4.0,True,0.7466666666666665
show,DD0s3t9T,SWN,W,11.0,True,0.7466666666666665
show,kDzhSJcO,SWN,W,4.0,True,0.7466666666666665
show,GKX6rozI,SWN,W,8.0,True,0.7466666666666665
show,wmX83ynu,SWN,W,11.0,True,0.7466666666666665
show,wmX83ynu,SWN,W,11.0,True,0.7466666666666665
show,wmX83ynu,SWN,W,11.0,True,0.7466666666666665
show,J9eqPFX0,SWN,W,7.0,True,0.7466666666666665
show,hcX8RpyI,SWN,W,7.0,True,0.7466666666666665
show,6T2BVOrE,SWN,W,11.0,True,0.7466666666666665
show,6T2BVOrE,SWN,W,11.0,True,0.7466666666666665
show,FxGkTbo7,SWN,W,8.0,True,0.7466666666666665
show,hfuIbfPX,SWN,W,4.0,True,0.7466666666666665
show,DBFeSaHS,SWN,W,8.0,True,0.7466666666666665
show,ILsUHp7a,SWN,W,7.0,True,0.7466666666666665
show,ILsUHp7a,SWN,W,7.0,False,0.7466666666666665
show,ILsUHp7a,SWN,W,7.0,False,0.7466666666666665
show,aPLIvKR4,SWN,W,11.0,True,0.7466666666666665
show,aPLIvKR4,SWN,W,11.0,True,0.7466666666666665
show,aPLIvKR4,SWN,W,11.0,True,0.7466666666666665
show,YFR1YFDY,SWN,W,4.0,True,0.7466666666666665
show,Hx0YktGI,SWN,W,7.0,True,0.7466666666666665
show,Hx0YktGI,SWN,W,7.0,True,0.7466666666666665
show,Hx0YktGI,SWN,W,7.0,True,0.7466666666666665
show,Ag7NOrTo,NSW,W,9.0,True,0.08
show,Aw0RHQKw,NSW,W,15.0,False,0.08
show,a7CMkiUe,NSW,W,9.0,True,0.08
show,e0IngydB,NSW,W,6.0,False,0.08
show,sJlDinwi,NSW,W,0.0,False,0.08
show,sJlDinwi,NSW,W,0.0,False,0.08
show,sJlDinwi,NSW,W,0.0,True,0.08
show,sJlDinwi,NSW,W,0.0,False,0.08
show,sJlDinwi,NSW,W,0.0,False,0.08
show,sJlDinwi,NSW,W,0.0,False,0.08
show,sJlDinwi,NSW,W,0.0,False,0.08
show,sJlDinwi,NSW,W,0.0,False,0.08
show,sJlDinwi,NSW,W,0.0,False,0.08
show,sJlDinwi,NSW,W,0.0,True,0.08
show,sJlDinwi,NSW,W,0.0,False,0.08
show,gJteCEas,NSW,W,0.0,False,0.08
show,v4Rp8209,NSW,W,6.0,False,0.08
show,17Aj5T04,NSW,W,15.0,False,0.08
show,opIV1qhv,NSW,W,15.0,False,0.08
show,8cHWS4Pz,NSW,W,9.0,False,0.08
show,FnvvgUJu,NSW,W,6.0,False,0.08
show,VmpCqjr5,NSW,W,15.0,True,0.08
show,2dY8GH47,NSW,W,9.0,False,0.08
show,MDrODjrc,NSW,W,6.0,True,0.08
show,wwlSpGLi,NSW,W,0.0,False,0.08
show,cFx0crqu,NSW,W,6.0,True,0.08
show,cFx0crqu,NSW,W,6.0,False,0.08
show,F7aLu9Gt,NSW,W,15.0,False,0.08
show,8g7mGUZ5,NSW,W,0.0,False,0.08
show,IPiUAipm,NSW,W,6.0,True,0.08
show,cTm1awYJ,NSW,W,0.0,True,0.08
show,ML55sE0Q,NSW,W,6.0,True,0.08
show,tUPOff8j,NSW,W,15.0,True,0.08
show,Pp9ARpko,NSW,W,9.0,False,0.08
show,r57jItLm,NSW,W,9.0,False,0.08
show,r57jItLm,NSW,W,9.0,False,0.08
show,r57jItLm,NSW,W,9.0,False,0.08
show,r57jItLm,NSW,W,9.0,False,0.08
show,r57jItLm,NSW,W,9.0,False,0.08
show,uAgK2JnA,NSW,W,9.0,False,0.08
show,fJexG0Zf,NSW,W,15.0,True,0.08
show,DD0s3t9T,NSW,W,0.0,True,0.08
show,DD0s3t9T,NSW,W,0.0,False,0.08
show,kDzhSJcO,NSW,W,15.0,False,0.08
show,GKX6rozI,NSW,W,9.0,False,0.08
show,wmX83ynu,NSW,W,0.0,False,0.08
show,J9eqPFX0,NSW,W,6.0,False,0.08
show,hcX8RpyI,NSW,W,6.0,True,0.08
show,6T2BVOrE,NSW,W,0.0,False,0.08
show,FxGkTbo7,NSW,W,9.0,False,0.08
show,hfuIbfPX,NSW,W,15.0,False,0.08
show,DBFeSaHS,NSW,W,9.0,True,0.08
show,ILsUHp7a,NSW,W,6.0,True,0.08
show,aPLIvKR4,NSW,W,0.0,False,0.08
show,aPLIvKR4,NSW,W,0.0,False,0.08
show,aPLIvKR4,NSW,W,0.0,True,0.08
show,aPLIvKR4,NSW,W,0.0,False,0.08
show,aPLIvKR4,NSW,W,0.0,False,0.08
show,aPLIvKR4,NSW,W,0.0,False,0.08
show,aPLIvKR4,NSW,W,0.0,False,0.08
show,YFR1YFDY,NSW,W,15.0,False,0.08
show,Hx0YktGI,NSW,W,6.0,True,0.08
show,Ag7NOrTo,SNS,S,10.0,True,0.003333333333333333
show,Aw0RHQKw,SNS,S,7.0,True,0.003333333333333333
show,Aw0RHQKw,SNS,S,7.0,True,0.003333333333333333
show,Aw0RHQKw,SNS,S,7.0,True,0.003333333333333333
show,a7CMkiUe,SNS,S,10.0,False,0.003333333333333333
show,e0IngydB,SNS,S,5.0,False,0.003333333333333333
show,sJlDinwi,SNS,S,8.0,False,0.003333333333333333
show,sJlDinwi,SNS,S,8.0,False,0.003333333333333333
show,sJlDinwi,SNS,S,8.0,False,0.003333333333333333
show,sJlDinwi,SNS,S,8.0,False,0.003333333333333333
show,gJteCEas,SNS,S,8.0,True,0.003333333333333333
show,v4Rp8209,SNS,S,5.0,False,0.003333333333333333
show,v4Rp8209,SNS,S,5.0,False,0.003333333333333333
show,v4Rp8209,SNS,S,5.0,False,0.003333333333333333
show,NxaLA1L1,SNS,S,8.0,True,0.003333333333333333
show,NxaLA1L1,SNS,S,8.0,False,0.003333333333333333
show,NxaLA1L1,SNS,S,8.0,False,0.003333333333333333
show,17Aj5T04,SNS,S,7.0,False,0.003333333333333333
show,17Aj5T04,SNS,S,7.0,False,0.003333333333333333
show,opIV1qhv,SNS,S,7.0,False,0.003333333333333333
show,8cHWS4Pz,SNS,S,10.0,False,0.003333333333333333
show,FnvvgUJu,SNS,S,5.0,False,0.003333333333333333
show,FnvvgUJu,SNS,S,5.0,False,0.003333333333333333
show,FnvvgUJu,SNS,S,5.0,False,0.003333333333333333
show,FnvvgUJu,SNS,S,5.0,False,0.003333333333333333
show,FnvvgUJu,SNS,S,5.0,False,0.003333333333333333
show,FnvvgUJu,SNS,S,5.0,True,0.003333333333333333
show,VmpCqjr5,SNS,S,7.0,False,0.003333333333333333
show,VmpCqjr5,SNS,S,7.0,False,0.003333333333333333
show,VmpCqjr5,SNS,S,7.0,False,0.003333333333333333
show,VmpCqjr5,SNS,S,7.0,False,0.003333333333333333
show,VmpCqjr5,SNS,S,7.0,False,0.003333333333333333
show,VmpCqjr5,SNS,S,7.0,False,0.003333333333333333
show,VmpCqjr5,SNS,S,7.0,False,0.003333333333333333
show,2dY8GH47,SNS,S,10.0,False,0.003333333333333333
show,MDrODjrc,SNS,S,5.0,False,0.003333333333333333
show,MDrODjrc,SNS,S,5.0,False,0.003333333333333333
show,MDrODjrc,SNS,S,5.0,True,0.003333333333333333
show,wwlSpGLi,SNS,S,8.0,True,0.003333333333333333
show,wwlSpGLi,SNS,S,8.0,True,0.003333333333333333
show,cFx0crqu,SNS,S,5.0,True,0.003333333333333333
show,cFx0crqu,SNS,S,5.0,False,0.003333333333333333
show,F7aLu9Gt,SNS,S,7.0,True,0.003333333333333333
show,8g7mGUZ5,SNS,S,8.0,True,0.003333333333333333
show,8g7mGUZ5,SNS,S,8.0,False,0.003333333333333333
show,IPiUAipm,SNS,S,5.0,True,0.003333333333333333
show,IPiUAipm,SNS,S,5.0,False,0.003333333333333333
show,IPiUAipm,SNS,S,5.0,False,0.003333333333333333
show,cTm1awYJ,SNS,S,8.0,False,0.003333333333333333
show,cTm1awYJ,SNS,S,8.0,False,0.003333333333333333
show,cTm1awYJ,SNS,S,8.0,False,0.003333333333333333
show,ML55sE0Q,SNS,S,5.0,False,0.003333333333333333
show,tUPOff8j,SNS,S,7.0,True,0.003333333333333333
show,tUPOff8j,SNS,S,7.0,True,0.003333333333333333
show,Pp9ARpko,SNS,S,10.0,True,0.003333333333333333
show,Pp9ARpko,SNS,S,10.0,False,0.003333333333333333
show,r57jItLm,SNS,S,10.0,False,0.003333333333333333
show,r57jItLm,SNS,S,10.0,False,0.003333333333333333
show,r57jItLm,SNS,S,10.0,False,0.003333333333333333
show,r57jItLm,SNS,S,10.0,False,0.003333333333333333
show,uAgK2JnA,SNS,S,10.0,False,0.003333333333333333
show,uAgK2JnA,SNS,S,10.0,False,0.003333333333333333
show,uAgK2JnA,SNS,S,10.0,False,0.003333333333333333
show,fJexG0Zf,SNS,S,7.0,False,0.003333333333333333
show,fJexG0Zf,SNS,S,7.0,True,0.003333333333333333
show,DD0s3t9T,SNS,S,8.0,False,0.003333333333333333
show,kDzhSJcO,SNS,S,7.0,True,0.003333333333333333
show,kDzhSJcO,SNS,S,7.0,False,0.003333333333333333
show,GKX6rozI,SNS,S,10.0,True,0.003333333333333333
show,wmX83ynu,SNS,S,8.0,True,0.003333333333333333
show,wmX83ynu,SNS,S,8.0,False,0.003333333333333333
show,wmX83ynu,SNS,S,8.0,False,0.003333333333333333
show,wmX83ynu,SNS,S,8.0,False,0.003333333333333333
show,wmX83ynu,SNS,S,8.0,False,0.003333333333333333
show,J9eqPFX0,SNS,S,5.0,True,0.003333333333333333
show,J9eqPFX0,SNS,S,5.0,False,0.003333333333333333
show,hcX8RpyI,SNS,S,5.0,True,0.003333333333333333
show,hcX8RpyI,SNS,S,5.0,False,0.003333333333333333
show,hcX8RpyI,SNS,S,5.0,False,0.003333333333333333
show,6T2BVOrE,SNS,S,8.0,False,0.003333333333333333
show,6T2BVOrE,SNS,S,8.0,False,0.003333333333333333
show,FxGkTbo7,SNS,S,10.0,False,0.003333333333333333
show,hfuIbfPX,SNS,S,7.0,False,0.003333333333333333
show,hfuIbfPX,SNS,S,7.0,False,0.003333333333333333
show,hfuIbfPX,SNS,S,7.0,False,0.003333333333333333
show,hfuIbfPX,SNS,S,7.0,False,0.003333333333333333
show,DBFeSaHS,SNS,S,10.0,False,0.003333333333333333
show,DBFeSaHS,SNS,S,10.0,False,0.003333333333333333
show,DBFeSaHS,SNS,S,10.0,True,0.003333333333333333
show,ILsUHp7a,SNS,S,5.0,False,0.003333333333333333
show,ILsUHp7a,SNS,S,5.0,False,0.003333333333333333
show,ILsUHp7a,SNS,S,5.0,False,0.003333333333333333
show,ILsUHp7a,SNS,S,5.0,False,0.003333333333333333
show,ILsUHp7a,SNS,S,5.0,False,0.003333333333333333
show,ILsUHp7a,SNS,S,5.0,False,0.003333333333333333
show,aPLIvKR4,SNS,S,8.0,False,0.003333333333333333
show,aPLIvKR4,SNS,S,8.0,True,0.003333333333333333
show,aPLIvKR4,SNS,S,8.0,False,0.003333333333333333
show,aPLIvKR4,SNS,S,8.0,False,0.003333333333333333
show,aPLIvKR4,SNS,S,8.0,False,0.003333333333333333
show,YFR1YFDY,SNS,S,7.0,False,0.003333333333333333
show,Hx0YktGI,SNS,S,5.0,True,0.003333333333333333
show,Hx0YktGI,SNS,S,5.0,True,0.003333333333333333
show,Ag7NOrTo,SNS,W,11.0,False,0.0
show,Aw0RHQKw,SNS,W,5.0,False,0.0
show,Aw0RHQKw,SNS,W,5.0,False,0.0
show,a7CMkiUe,SNS,W,11.0,False,0.0
show,e0IngydB,SNS,W,4.0,False,0.0
show,sJlDinwi,SNS,W,10.0,False,0.0
show,gJteCEas,SNS,W,10.0,False,0.0
show,v4Rp8209,SNS,W,4.0,False,0.0
show,17Aj5T04,SNS,W,5.0,False,0.0
show,17Aj5T04,SNS,W,5.0,False,0.0
show,17Aj5T04,SNS,W,5.0,False,0.0
show,opIV1qhv,SNS,W,5.0,False,0.0
show,8cHWS4Pz,SNS,W,11.0,False,0.0
show,FnvvgUJu,SNS,W,4.0,False,0.0
show,VmpCqjr5,SNS,W,5.0,False,0.0
show,2dY8GH47,SNS,W,11.0,False,0.0
show,MDrODjrc,SNS,W,4.0,False,0.0
show,wwlSpGLi,SNS,W,10.0,False,0.0
show,cFx0crqu,SNS,W,4.0,False,0.0
show,F7aLu9Gt,SNS,W,5.0,False,0.0
show,8g7mGUZ5,SNS,W,10.0,False,0.0
show,IPiUAipm,SNS,W,4.0,False,0.0
show,cTm1awYJ,SNS,W,10.0,False,0.0
show,ML55sE0Q,SNS,W,4.0,False,0.0
show,tUPOff8j,SNS,W,5.0,False,0.0
show,Pp9ARpko,SNS,W,11.0,False,0.0
show,r57jItLm,SNS,W,11.0,False,0.0
show,r57jItLm,SNS,W,11.0,False,0.0
show,r57jItLm,SNS,W,11.0,False,0.0
show,r57jItLm,SNS,W,11.0,False,0.0
show,r57jItLm,SNS,W,11.0,False,0.0
show,r57jItLm,SNS,W,11.0,False,0.0
show,uAgK2JnA,SNS,W,11.0,False,0.0
show,fJexG0Zf,SNS,W,5.0,False,0.0
show,DD0s3t9T,SNS,W,10.0,False,0.0
show,kDzhSJcO,SNS,W,5.0,False,0.0
show,GKX6rozI,SNS,W,11.0,False,0.0
show,wmX83ynu,SNS,W,10.0,False,0.0
show,J9eqPFX0,SNS,W,4.0,False,0.0
show,hcX8RpyI,SNS,W,4.0,False,0.0
show,hcX8RpyI,SNS,W,4.0,False,0.0
show,6T2BVOrE,SNS,W,10.0,False,0.0
show,FxGkTbo7,SNS,W,11.0,False,0.0
show,hfuIbfPX,SNS,W,5.0,False,0.0
show,DBFeSaHS,SNS,W,11.0,False,0.0
show,ILsUHp7a,SNS,W,4.0,False,0.0
show,ILsUHp7a,SNS,W,4.0,False,0.0
show,ILsUHp7a,SNS,W,4.0,False,0.0
show,aPLIvKR4,SNS,W,10.0,False,0.0
show,aPLIvKR4,SNS,W,10.0,False,0.0
show,YFR1YFDY,SNS,W,5.0,False,0.0
show,Hx0YktGI,SNS,W,4.0,False,0.0
show,Ag7NOrTo,NWS,S,12.0,True,0.9166666666666665
show,Aw0RHQKw,NWS,S,9.0,True,0.9166666666666665
show,Aw0RHQKw,NWS,S,9.0,True,0.9166666666666665
show,Aw0RHQKw,NWS,S,9.0,True,0.9166666666666665
show,Aw0RHQKw,NWS,S,9.0,True,0.9166666666666665
show,Aw0RHQKw,NWS,S,9.0,True,0.9166666666666665
show,Aw0RHQKw,NWS,S,9.0,True,0.9166666666666665
show,Aw0RHQKw,NWS,S,9.0,True,0.9166666666666665
show,Aw0RHQKw,NWS,S,9.0,True,0.9166666666666665
show,Aw0RHQKw,NWS,S,9.0,False,0.9166666666666665
show,a7CMkiUe,NWS,S,12.0,False,0.9166666666666665
show,e0IngydB,NWS,S,3.0,True,0.9166666666666665
show,sJlDinwi,NWS,S,6.0,False,0.9166666666666665
show,sJlDinwi,NWS,S,6.0,False,0.9166666666666665
show,sJlDinwi,NWS,S,6.0,True,0.9166666666666665
show,gJteCEas,NWS,S,6.0,True,0.9166666666666665
show,v4Rp8209,NWS,S,3.0,False,0.9166666666666665
show,v4Rp8209,NWS,S,3.0,False,0.9166666666666665
show,v4Rp8209,NWS,S,3.0,False,0.9166666666666665
show,NxaLA1L1,NWS,S,6.0,True,0.9166666666666665
show,NxaLA1L1,NWS,S,6.0,False,0.9166666666666665
show,17Aj5T04,NWS,S,9.0,True,0.9166666666666665
show,17Aj5T04,NWS,S,9.0,True,0.9166666666666665
show,17Aj5T04,NWS,S,9.0,False,0.9166666666666665
show,17Aj5T04,NWS,S,9.0,False,0.9166666666666665
show,17Aj5T04,NWS,S,9.0,False,0.9166666666666665
show,17Aj5T04,NWS,S,9.0,False,0.9166666666666665
show,opIV1qhv,NWS,S,9.0,True,0.9166666666666665
show,8cHWS4Pz,NWS,S,12.0,False,0.9166666666666665
show,FnvvgUJu,NWS,S,3.0,False,0.9166666666666665
show,FnvvgUJu,NWS,S,3.0,False,0.9166666666666665
show,FnvvgUJu,NWS,S,3.0,False,0.9166666666666665
show,FnvvgUJu,NWS,S,3.0,False,0.9166666666666665
show,VmpCqjr5,NWS,S,9.0,False,0.9166666666666665
show,VmpCqjr5,NWS,S,9.0,False,0.9166666666666665
show,VmpCqjr5,NWS,S,9.0,False,0.9166666666666665
show,VmpCqjr5,NWS,S,9.0,False,0.9166666666666665
show,VmpCqjr5,NWS,S,9.0,False,0.9166666666666665
show,VmpCqjr5,NWS,S,9.0,False,0.9166666666666665
show,2dY8GH47,NWS,S,12.0,True,0.9166666666666665
show,MDrODjrc,NWS,S,3.0,True,0.9166666666666665
show,MDrODjrc,NWS,S,3.0,False,0.9166666666666665
show,MDrODjrc,NWS,S,3.0,False,0.9166666666666665
show,wwlSpGLi,NWS,S,6.0,False,0.9166666666666665
show,wwlSpGLi,NWS,S,6.0,False,0.9166666666666665
show,cFx0crqu,NWS,S,3.0,True,0.9166666666666665
show,cFx0crqu,NWS,S,3.0,True,0.9166666666666665
show,cFx0crqu,NWS,S,3.0,False,0.9166666666666665
show,F7aLu9Gt,NWS,S,9.0,True,0.9166666666666665
show,8g7mGUZ5,NWS,S,6.0,False,0.9166666666666665
show,8g7mGUZ5,NWS,S,6.0,False,0.9166666666666665
show,IPiUAipm,NWS,S,3.0,True,0.9166666666666665
show,IPiUAipm,NWS,S,3.0,False,0.9166666666666665
show,cTm1awYJ,NWS,S,6.0,False,0.9166666666666665
show,cTm1awYJ,NWS,S,6.0,False,0.9166666666666665
show,cTm1awYJ,NWS,S,6.0,False,0.9166666666666665
show,ML55sE0Q,NWS,S,3.0,True,0.9166666666666665
show,ML55sE0Q,NWS,S,3.0,True,0.9166666666666665
show,tUPOff8j,NWS,S,9.0,True,0.9166666666666665
show,tUPOff8j,NWS,S,9.0,True,0.9166666666666665
show,Pp9ARpko,NWS,S,12.0,True,0.9166666666666665
show,Pp9ARpko,NWS,S,12.0,False,0.9166666666666665
show,Pp9ARpko,NWS,S,12.0,False,0.9166666666666665
show,r57jItLm,NWS,S,12.0,False,0.9166666666666665
show,r57jItLm,NWS,S,12.0,False,0.9166666666666665
show,r57jItLm,NWS,S,12.0,False,0.9166666666666665
show,r57jItLm,NWS,S,12.0,False,0.9166666666666665
show,uAgK2JnA,NWS,S,12.0,True,0.9166666666666665
show,uAgK2JnA,NWS,S,12.0,True,0.9166666666666665
show,fJexG0Zf,NWS,S,9.0,True,0.9166666666666665
show,DD0s3t9T,NWS,S,6.0,False,0.9166666666666665
show,kDzhSJcO,NWS,S,9.0,True,0.9166666666666665
show,GKX6rozI,NWS,S,12.0,False,0.9166666666666665
show,wmX83ynu,NWS,S,6.0,True,0.9166666666666665
show,J9eqPFX0,NWS,S,3.0,True,0.9166666666666665
show,J9eqPFX0,NWS,S,3.0,True,0.9166666666666665
show,J9eqPFX0,NWS,S,3.0,False,0.9166666666666665
show,hcX8RpyI,NWS,S,3.0,True,0.9166666666666665
show,hcX8RpyI,NWS,S,3.0,False,0.9166666666666665
show,6T2BVOrE,NWS,S,6.0,True,0.9166666666666665
show,FxGkTbo7,NWS,S,12.0,False,0.9166666666666665
show,hfuIbfPX,NWS,S,9.0,False,0.9166666666666665
show,DBFeSaHS,NWS,S,12.0,False,0.9166666666666665
show,DBFeSaHS,NWS,S,12.0,True,0.9166666666666665
show,ILsUHp7a,NWS,S,3.0,True,0.9166666666666665
show,ILsUHp7a,NWS,S,3.0,False,0.9166666666666665
show,ILsUHp7a,NWS,S,3.0,False,0.9166666666666665
show,ILsUHp7a,NWS,S,3.0,False,0.9166666666666665
show,ILsUHp7a,NWS,S,3.0,False,0.9166666666666665
show,aPLIvKR4,NWS,S,6.0,True,0.9166666666666665
show,aPLIvKR4,NWS,S,6.0,False,0.9166666666666665
show,aPLIvKR4,NWS,S,6.0,False,0.9166666666666665
show,aPLIvKR4,NWS,S,6.0,False,0.9166666666666665
show,aPLIvKR4,NWS,S,6.0,False,0.9166666666666665
show,aPLIvKR4,NWS,S,6.0,False,0.9166666666666665
show,YFR1YFDY,NWS,S,9.0,True,0.9166666666666665
show,Hx0YktGI,NWS,S,3.0,True,0.9166666666666665
show,Hx0YktGI,NWS,S,3.0,True,0.9166666666666665
show,Ag7NOrTo,SNW,W,13.0,False,0.8066666666666668
show,Aw0RHQKw,SNW,W,2.0,True,0.8066666666666668
show,Aw0RHQKw,SNW,W,2.0,True,0.8066666666666668
show,a7CMkiUe,SNW,W,13.0,False,0.8066666666666668
show,e0IngydB,SNW,W,2.0,False,0.8066666666666668
show,sJlDinwi,SNW,W,13.0,False,0.8066666666666668
show,gJteCEas,SNW,W,13.0,False,0.8066666666666668
show,v4Rp8209,SNW,W,2.0,False,0.8066666666666668
show,17Aj5T04,SNW,W,2.0,False,0.8066666666666668
show,opIV1qhv,SNW,W,2.0,False,0.8066666666666668
show,8cHWS4Pz,SNW,W,13.0,False,0.8066666666666668
show,FnvvgUJu,SNW,W,2.0,False,0.8066666666666668
show,VmpCqjr5,SNW,W,2.0,False,0.8066666666666668
show,VmpCqjr5,SNW,W,2.0,True,0.8066666666666668
show,2dY8GH47,SNW,W,13.0,False,0.8066666666666668
show,MDrODjrc,SNW,W,2.0,False,0.8066666666666668
show,wwlSpGLi,SNW,W,13.0,False,0.8066666666666668
show,cFx0crqu,SNW,W,2.0,True,0.8066666666666668
show,F7aLu9Gt,SNW,W,2.0,False,0.8066666666666668
show,8g7mGUZ5,SNW,W,13.0,False,0.8066666666666668
show,8g7mGUZ5,SNW,W,13.0,False,0.8066666666666668
show,IPiUAipm,SNW,W,2.0,True,0.8066666666666668
show,cTm1awYJ,SNW,W,13.0,False,0.8066666666666668
show,ML55sE0Q,SNW,W,2.0,False,0.8066666666666668
show,tUPOff8j,SNW,W,2.0,True,0.8066666666666668
show,Pp9ARpko,SNW,W,13.0,False,0.8066666666666668
show,r57jItLm,SNW,W,13.0,False,0.8066666666666668
show,r57jItLm,SNW,W,13.0,False,0.8066666666666668
show,r57jItLm,SNW,W,13.0,False,0.8066666666666668
show,uAgK2JnA,SNW,W,13.0,False,0.8066666666666668
show,fJexG0Zf,SNW,W,2.0,False,0.8066666666666668
show,DD0s3t9T,SNW,W,13.0,False,0.8066666666666668
show,kDzhSJcO,SNW,W,2.0,False,0.8066666666666668
show,GKX6rozI,SNW,W,13.0,False,0.8066666666666668
show,wmX83ynu,SNW,W,13.0,False,0.8066666666666668
show,J9eqPFX0,SNW,W,2.0,False,0.8066666666666668
show,hcX8RpyI,SNW,W,2.0,True,0.8066666666666668
show,6T2BVOrE,SNW,W,13.0,False,0.8066666666666668
show,FxGkTbo7,SNW,W,13.0,False,0.8066666666666668
show,hfuIbfPX,SNW,W,2.0,False,0.8066666666666668
show,DBFeSaHS,SNW,W,13.0,False,0.8066666666666668
show,ILsUHp7a,SNW,W,2.0,False,0.8066666666666668
show,ILsUHp7a,SNW,W,2.0,True,0.8066666666666668
show,aPLIvKR4,SNW,W,13.0,True,0.8066666666666668
show,aPLIvKR4,SNW,W,13.0,True,0.8066666666666668
show,aPLIvKR4,SNW,W,13.0,False,0.8066666666666668
show,aPLIvKR4,SNW,W,13.0,True,0.8066666666666668
show,YFR1YFDY,SNW,W,2.0,False,0.8066666666666668
show,Hx0YktGI,SNW,W,2.0,False,0.8066666666666668
show,Ag7NOrTo,SWN,S,14.0,True,0.5725
show,Aw0RHQKw,SWN,S,12.0,True,0.5725
show,a7CMkiUe,SWN,S,14.0,False,0.5725
show,e0IngydB,SWN,S,1.0,False,0.5725
show,sJlDinwi,SWN,S,3.0,False,0.5725
show,sJlDinwi,SWN,S,3.0,True,0.5725
show,gJteCEas,SWN,S,3.0,True,0.5725
show,v4Rp8209,SWN,S,1.0,True,0.5725
show,v4Rp8209,SWN,S,1.0,True,0.5725
show,v4Rp8209,SWN,S,1.0,False,0.5725
show,NxaLA1L1,SWN,S,3.0,True,0.5725
show,NxaLA1L1,SWN,S,3.0,False,0.5725
show,NxaLA1L1,SWN,S,3.0,True,0.5725
show,17Aj5T04,SWN,S,12.0,True,0.5725
show,opIV1qhv,SWN,S,12.0,False,0.5725
show,8cHWS4Pz,SWN,S,14.0,False,0.5725
show,FnvvgUJu,SWN,S,1.0,False,0.5725
show,VmpCqjr5,SWN,S,12.0,False,0.5725
show,VmpCqjr5,SWN,S,12.0,True,0.5725
show,VmpCqjr5,SWN,S,12.0,True,0.5725
show,VmpCqjr5,SWN,S,12.0,True,0.5725
show,2dY8GH47,SWN,S,14.0,True,0.5725
show,MDrODjrc,SWN,S,1.0,False,0.5725
show,wwlSpGLi,SWN,S,3.0,True,0.5725
show,cFx0crqu,SWN,S,1.0,True,0.5725
show,F7aLu9Gt,SWN,S,12.0,True,0.5725
show,8g7mGUZ5,SWN,S,3.0,False,0.5725
show,IPiUAipm,SWN,S,1.0,True,0.5725
show,cTm1awYJ,SWN,S,3.0,False,0.5725
show,ML55sE0Q,SWN,S,1.0,True,0.5725
show,tUPOff8j,SWN,S,12.0,True,0.5725
show,Pp9ARpko,SWN,S,14.0,True,0.5725
show,r57jItLm,SWN,S,14.0,False,0.5725
show,r57jItLm,SWN,S,14.0,False,0.5725
show,r57jItLm,SWN,S,14.0,False,0.5725
show,r57jItLm,SWN,S,14.0,False,0.5725
show,r57jItLm,SWN,S,14.0,False,0.5725
show,r57jItLm,SWN,S,14.0,False,0.5725
show,uAgK2JnA,SWN,S,14.0,False,0.5725
show,fJexG0Zf,SWN,S,12.0,True,0.5725
show,fJexG0Zf,SWN,S,12.0,False,0.5725
show,DD0s3t9T,SWN,S,3.0,True,0.5725
show,kDzhSJcO,SWN,S,12.0,True,0.5725
show,GKX6rozI,SWN,S,14.0,False,0.5725
show,wmX83ynu,SWN,S,3.0,True,0.5725
show,J9eqPFX0,SWN,S,1.0,True,0.5725
show,hcX8RpyI,SWN,S,1.0,True,0.5725
show,6T2BVOrE,SWN,S,3.0,False,0.5725
show,FxGkTbo7,SWN,S,14.0,True,0.5725
show,hfuIbfPX,SWN,S,12.0,False,0.5725
show,DBFeSaHS,SWN,S,14.0,True,0.5725
show,ILsUHp7a,SWN,S,1.0,False,0.5725
show,ILsUHp7a,SWN,S,1.0,True,0.5725
show,ILsUHp7a,SWN,S,1.0,True,0.5725
show,aPLIvKR4,SWN,S,3.0,True,0.5725
show,aPLIvKR4,SWN,S,3.0,False,0.5725
show,aPLIvKR4,SWN,S,3.0,True,0.5725
show,aPLIvKR4,SWN,S,3.0,True,0.5725
show,YFR1YFDY,SWN,S,12.0,False,0.5725
show,Hx0YktGI,SWN,S,1.0,True,0.5725
show,Ag7NOrTo,NWS,W,15.0,True,0.98
show,Aw0RHQKw,NWS,W,10.0,False,0.98
show,Aw0RHQKw,NWS,W,10.0,False,0.98
show,a7CMkiUe,NWS,W,15.0,True,0.98
show,e0IngydB,NWS,W,0.0,True,0.98
show,sJlDinwi,NWS,W,5.0,False,0.98
show,sJlDinwi,NWS,W,5.0,False,0.98
show,gJteCEas,NWS,W,5.0,True,0.98
show,v4Rp8209,NWS,W,0.0,True,0.98
show,v4Rp8209,NWS,W,0.0,False,0.98
show,17Aj5T04,NWS,W,10.0,True,0.98
show,opIV1qhv,NWS,W,10.0,True,0.98
show,8cHWS4Pz,NWS,W,15.0,True,0.98
show,FnvvgUJu,NWS,W,0.0,True,0.98
show,VmpCqjr5,NWS,W,10.0,True,0.98
show,VmpCqjr5,NWS,W,10.0,False,0.98
show,VmpCqjr5,NWS,W,10.0,False,0.98
show,VmpCqjr5,NWS,W,10.0,False,0.98
show,VmpCqjr5,NWS,W,10.0,False,0.98
show,2dY8GH47,NWS,W,15.0,True,0.98
show,MDrODjrc,NWS,W,0.0,False,0.98
show,wwlSpGLi,NWS,W,5.0,True,0.98
show,cFx0crqu,NWS,W,0.0,True,0.98
show,F7aLu9Gt,NWS,W,10.0,True,0.98
show,8g7mGUZ5,NWS,W,5.0,False,0.98
show,IPiUAipm,NWS,W,0.0,True,0.98
show,cTm1awYJ,NWS,W,5.0,True,0.98
show,ML55sE0Q,NWS,W,0.0,True,0.98
show,tUPOff8j,NWS,W,10.0,True,0.98
show,Pp9ARpko,NWS,W,15.0,False,0.98
show,r57jItLm,NWS,W,15.0,False,0.98
show,r57jItLm,NWS,W,15.0,False,0.98
show,r57jItLm,NWS,W,15.0,False,0.98
show,r57jItLm,NWS,W,15.0,False,0.98
show,uAgK2JnA,NWS,W,15.0,True,0.98
show,fJexG0Zf,NWS,W,10.0,True,0.98
show,kDzhSJcO,NWS,W,10.0,True,0.98
show,GKX6rozI,NWS,W,15.0,True,0.98
show,wmX83ynu,NWS,W,5.0,True,0.98
show,wmX83ynu,NWS,W,5.0,True,0.98
show,J9eqPFX0,NWS,W,0.0,True,0.98
show,hcX8RpyI,NWS,W,0.0,True,0.98
show,6T2BVOrE,NWS,W,5.0,True,0.98
show,FxGkTbo7,NWS,W,15.0,True,0.98
show,hfuIbfPX,NWS,W,10.0,True,0.98
show,DBFeSaHS,NWS,W,15.0,True,0.98
show,ILsUHp7a,NWS,W,0.0,True,0.98
show,ILsUHp7a,NWS,W,0.0,False,0.98
show,aPLIvKR4,NWS,W,5.0,True,0.98
show,aPLIvKR4,NWS,W,5.0,True,0.98
show,aPLIvKR4,NWS,W,5.0,False,0.98
show,aPLIvKR4,NWS,W,5.0,False,0.98
show,aPLIvKR4,NWS,W,5.0,False,0.98
show,aPLIvKR4,NWS,W,5.0,False,0.98
show,YFR1YFDY,NWS,W,10.0,True,0.98
show,Hx0YktGI,NWS,W,0.0,True,0.98
do,uEjQrN4b,NWS,W,0.0,True,0.925
do,ZkKETi5Y,NWS,W,5.0,False,0.925
do,4w4M2oVr,NWS,W,10.0,True,0.925
do,kpNTNDOt,NWS,W,5.0,True,0.925
do,m8fgUYaB,NWS,W,15.0,False,0.925
do,4PJloqz2,NWS,W,10.0,False,0.925
do,5lVzbFJt,NWS,W,5.0,False,0.925
do,JcVrEPEq,NWS,W,15.0,False,0.925
do,5OijyvCz,NWS,W,0.0,True,0.925
do,shLnuHE9,NWS,W,10.0,False,0.925
do,vJVt7SQa,NWS,W,0.0,True,0.925
do,tUXUp4cy,NWS,W,0.0,True,0.925
do,soQpVsa0,NWS,W,15.0,True,0.925
do,qwJovaR8,NWS,W,15.0,True,0.925
do,4CS1cho9,NWS,W,10.0,True,0.925
do,fWLb7Hlk,NWS,W,5.0,True,0.925
do,015iRjPo,NWS,W,10.0,False,0.925
do,jt630yv2,NWS,W,5.0,False,0.925
do,lNzXxZGC,NWS,W,15.0,True,0.925
do,KQKrfram,NWS,W,0.0,True,0.925
do,rncgeQMp,NWS,W,0.0,False,0.925
do,HQrItTW5,NWS,W,10.0,False,0.925
do,GV8eZkGg,NWS,W,15.0,False,0.925
do,o08qL0Mn,NWS,W,5.0,True,0.925
do,cSO9hUo0,NWS,W,0.0,False,0.925
do,ElBpJxZz,NWS,W,15.0,True,0.925
do,sjvQP1Sz,NWS,W,5.0,False,0.925
do,D1CinvqR,NWS,W,15.0,False,0.925
do,dpZ2msfz,NWS,W,5.0,False,0.925
do,qzIDhm0A,NWS,W,10.0,True,0.925
do,O39gb2yi,NWS,W,0.0,True,0.925
do,Xfz0Y2uR,NWS,W,0.0,True,0.925
do,JJKRjKU7,NWS,W,5.0,True,0.925
do,SZCZArw4,NWS,W,10.0,True,0.925
do,ZUoglheM,NWS,W,15.0,False,0.925
do,M8LOAb1m,NWS,W,10.0,False,0.925
do,dBIAyBYj,NWS,W,15.0,False,0.925
do,VIkQO3Eg,NWS,W,10.0,True,0.925
do,1xKGqkve,NWS,W,5.0,True,0.925
do,uEjQrN4b,SWN,S,1.0,True,0.03
do,ZkKETi5Y,SWN,S,3.0,False,0.03
do,4w4M2oVr,SWN,S,12.0,False,0.03
do,kpNTNDOt,SWN,S,3.0,True,0.03
do,m8fgUYaB,SWN,S,14.0,False,0.03
do,4PJloqz2,SWN,S,12.0,True,0.03
do,5lVzbFJt,SWN,S,3.0,False,0.03
do,JcVrEPEq,SWN,S,14.0,False,0.03
do,5OijyvCz,SWN,S,1.0,True,0.03
do,shLnuHE9,SWN,S,12.0,False,0.03
do,vJVt7SQa,SWN,S,1.0,True,0.03
do,tUXUp4cy,SWN,S,1.0,True,0.03
do,tUXUp4cy,SWN,S,1.0,False,0.03
do,soQpVsa0,SWN,S,14.0,False,0.03
do,qwJovaR8,SWN,S,14.0,False,0.03
do,4CS1cho9,SWN,S,12.0,False,0.03
do,fWLb7Hlk,SWN,S,3.0,False,0.03
do,015iRjPo,SWN,S,12.0,False,0.03
do,jt630yv2,SWN,S,3.0,False,0.03
do,lNzXxZGC,SWN,S,14.0,True,0.03
do,KQKrfram,SWN,S,1.0,False,0.03
do,rncgeQMp,SWN,S,1.0,False,0.03
do,HQrItTW5,SWN,S,12.0,True,0.03
do,o08qL0Mn,SWN,S,3.0,True,0.03
do,o08qL0Mn,SWN,S,3.0,False,0.03
do,cSO9hUo0,SWN,S,1.0,False,0.03
do,ElBpJxZz,SWN,S,14.0,False,0.03
do,sjvQP1Sz,SWN,S,3.0,False,0.03
do,D1CinvqR,SWN,S,14.0,False,0.03
do,dpZ2msfz,SWN,S,3.0,False,0.03
do,qzIDhm0A,SWN,S,12.0,False,0.03
do,O39gb2yi,SWN,S,1.0,False,0.03
do,Xfz0Y2uR,SWN,S,1.0,False,0.03
do,JJKRjKU7,SWN,S,3.0,False,0.03
do,SZCZArw4,SWN,S,12.0,False,0.03
do,ZUoglheM,SWN,S,14.0,True,0.03
do,M8LOAb1m,SWN,S,12.0,False,0.03
do,dBIAyBYj,SWN,S,14.0,False,0.03
do,VIkQO3Eg,SWN,S,12.0,False,0.03
do,1xKGqkve,SWN,S,3.0,True,0.03
do,1xKGqkve,SWN,S,3.0,True,0.03
do,uEjQrN4b,SNW,W,2.0,False,0.0
do,ZkKETi5Y,SNW,W,13.0,False,0.0
do,4w4M2oVr,SNW,W,2.0,False,0.0
do,kpNTNDOt,SNW,W,13.0,False,0.0
do,m8fgUYaB,SNW,W,13.0,False,0.0
do,4PJloqz2,SNW,W,2.0,False,0.0
do,5lVzbFJt,SNW,W,13.0,False,0.0
do,JcVrEPEq,SNW,W,13.0,False,0.0
do,5OijyvCz,SNW,W,2.0,False,0.0
do,shLnuHE9,SNW,W,2.0,False,0.0
do,vJVt7SQa,SNW,W,2.0,False,0.0
do,tUXUp4cy,SNW,W,2.0,False,0.0
do,soQpVsa0,SNW,W,13.0,False,0.0
do,qwJovaR8,SNW,W,13.0,False,0.0
do,4CS1cho9,SNW,W,2.0,False,0.0
do,fWLb7Hlk,SNW,W,13.0,False,0.0
do,015iRjPo,SNW,W,2.0,False,0.0
do,jt630yv2,SNW,W,13.0,False,0.0
do,lNzXxZGC,SNW,W,13.0,False,0.0
do,KQKrfram,SNW,W,2.0,False,0.0
do,rncgeQMp,SNW,W,2.0,False,0.0
do,HQrItTW5,SNW,W,2.0,False,0.0
do,GV8eZkGg,SNW,W,13.0,False,0.0
do,o08qL0Mn,SNW,W,13.0,False,0.0
do,cSO9hUo0,SNW,W,2.0,False,0.0
do,ElBpJxZz,SNW,W,13.0,False,0.0
do,sjvQP1Sz,SNW,W,13.0,False,0.0
do,D1CinvqR,SNW,W,13.0,False,0.0
do,dpZ2msfz,SNW,W,13.0,False,0.0
do,qzIDhm0A,SNW,W,2.0,False,0.0
do,O39gb2yi,SNW,W,2.0,False,0.0
do,Xfz0Y2uR,SNW,W,2.0,False,0.0
do,JJKRjKU7,SNW,W,13.0,False,0.0
do,SZCZArw4,SNW,W,2.0,False,0.0
do,ZUoglheM,SNW,W,13.0,False,0.0
do,M8LOAb1m,SNW,W,2.0,False,0.0
do,dBIAyBYj,SNW,W,13.0,False,0.0
do,VIkQO3Eg,SNW,W,2.0,False,0.0
do,1xKGqkve,SNW,W,13.0,False,0.0
do,1xKGqkve,SNW,W,13.0,False,0.0
do,uEjQrN4b,NWS,S,3.0,True,0.945
do,ZkKETi5Y,NWS,S,6.0,False,0.945
do,4w4M2oVr,NWS,S,9.0,True,0.945
do,kpNTNDOt,NWS,S,6.0,True,0.945
do,4PJloqz2,NWS,S,9.0,True,0.945
do,5lVzbFJt,NWS,S,6.0,True,0.945
do,JcVrEPEq,NWS,S,12.0,True,0.945
do,5OijyvCz,NWS,S,3.0,True,0.945
do,shLnuHE9,NWS,S,9.0,True,0.945
do,vJVt7SQa,NWS,S,3.0,True,0.945
do,tUXUp4cy,NWS,S,3.0,True,0.945
do,soQpVsa0,NWS,S,12.0,True,0.945
do,qwJovaR8,NWS,S,12.0,True,0.945
do,4CS1cho9,NWS,S,9.0,False,0.945
do,fWLb7Hlk,NWS,S,6.0,True,0.945
do,015iRjPo,NWS,S,9.0,True,0.945
do,jt630yv2,NWS,S,6.0,True,0.945
do,lNzXxZGC,NWS,S,12.0,False,0.945
do,KQKrfram,NWS,S,3.0,True,0.945
do,rncgeQMp,NWS,S,3.0,False,0.945
do,HQrItTW5,NWS,S,9.0,True,0.945
do,GV8eZkGg,NWS,S,12.0,False,0.945
do,o08qL0Mn,NWS,S,6.0,True,0.945
do,cSO9hUo0,NWS,S,3.0,False,0.945
do,ElBpJxZz,NWS,S,12.0,True,0.945
do,sjvQP1Sz,NWS,S,6.0,False,0.945
do,D1CinvqR,NWS,S,12.0,False,0.945
do,dpZ2msfz,NWS,S,6.0,False,0.945
do,qzIDhm0A,NWS,S,9.0,False,0.945
do,O39gb2yi,NWS,S,3.0,True,0.945
do,Xfz0Y2uR,NWS,S,3.0,True,0.945
do,JJKRjKU7,NWS,S,6.0,True,0.945
do,SZCZArw4,NWS,S,9.0,True,0.945
do,ZUoglheM,NWS,S,12.0,False,0.945
do,M8LOAb1m,NWS,S,9.0,True,0.945
do,dBIAyBYj,NWS,S,12.0,True,0.945
do,VIkQO3Eg,NWS,S,9.0,False,0.945
do,1xKGqkve,NWS,S,6.0,True,0.945
do,1xKGqkve,NWS,S,6.0,True,0.945
do,uEjQrN4b,SNS,W,4.0,False,0.0
do,ZkKETi5Y,SNS,W,10.0,False,0.0
do,4w4M2oVr,SNS,W,5.0,False,0.0
do,kpNTNDOt,SNS,W,10.0,False,0.0
do,m8fgUYaB,SNS,W,11.0,False,0.0
do,4PJloqz2,SNS,W,5.0,False,0.0
do,5lVzbFJt,SNS,W,10.0,False,0.0
do,JcVrEPEq,SNS,W,11.0,False,0.0
do,5OijyvCz,SNS,W,4.0,False,0.0
do,shLnuHE9,SNS,W,5.0,False,0.0
do,vJVt7SQa,SNS,W,4.0,False,0.0
do,tUXUp4cy,SNS,W,4.0,False,0.0
do,soQpVsa0,SNS,W,11.0,False,0.0
do,soQpVsa0,SNS,W,11.0,False,0.0
do,qwJovaR8,SNS,W,11.0,False,0.0
do,4CS1cho9,SNS,W,5.0,False,0.0
do,fWLb7Hlk,SNS,W,10.0,False,0.0
do,015iRjPo,SNS,W,5.0,False,0.0
do,jt630yv2,SNS,W,10.0,False,0.0
do,lNzXxZGC,SNS,W,11.0,False,0.0
do,KQKrfram,SNS,W,4.0,False,0.0
do,rncgeQMp,SNS,W,4.0,False,0.0
do,HQrItTW5,SNS,W,5.0,False,0.0
do,GV8eZkGg,SNS,W,11.0,False,0.0
do,o08qL0Mn,SNS,W,10.0,False,0.0
do,cSO9hUo0,SNS,W,4.0,False,0.0
do,ElBpJxZz,SNS,W,11.0,False,0.0
do,sjvQP1Sz,SNS,W,10.0,False,0.0
do,D1CinvqR,SNS,W,11.0,False,0.0
do,dpZ2msfz,SNS,W,10.0,False,0.0
do,qzIDhm0A,SNS,W,5.0,False,0.0
do,O39gb2yi,SNS,W,4.0,False,0.0
do,Xfz0Y2uR,SNS,W,4.0,False,0.0
do,JJKRjKU7,SNS,W,10.0,False,0.0
do,SZCZArw4,SNS,W,5.0,False,0.0
do,ZUoglheM,SNS,W,11.0,False,0.0
do,M8LOAb1m,SNS,W,5.0,False,0.0
do,dBIAyBYj,SNS,W,11.0,False,0.0
do,VIkQO3Eg,SNS,W,5.0,False,0.0
do,1xKGqkve,SNS,W,10.0,False,0.0
do,uEjQrN4b,SNS,S,5.0,False,0.0
do,ZkKETi5Y,SNS,S,8.0,False,0.0
do,4w4M2oVr,SNS,S,7.0,False,0.0
do,kpNTNDOt,SNS,S,8.0,False,0.0
do,m8fgUYaB,SNS,S,10.0,False,0.0
do,4PJloqz2,SNS,S,7.0,False,0.0
do,5lVzbFJt,SNS,S,8.0,False,0.0
do,JcVrEPEq,SNS,S,10.0,False,0.0
do,5OijyvCz,SNS,S,5.0,False,0.0
do,shLnuHE9,SNS,S,7.0,False,0.0
do,vJVt7SQa,SNS,S,5.0,False,0.0
do,tUXUp4cy,SNS,S,5.0,False,0.0
do,soQpVsa0,SNS,S,10.0,False,0.0
do,qwJovaR8,SNS,S,10.0,False,0.0
do,4CS1cho9,SNS,S,7.0,False,0.0
do,fWLb7Hlk,SNS,S,8.0,False,0.0
do,015iRjPo,SNS,S,7.0,False,0.0
do,jt630yv2,SNS,S,8.0,False,0.0
do,lNzXxZGC,SNS,S,10.0,False,0.0
do,KQKrfram,SNS,S,5.0,False,0.0
do,rncgeQMp,SNS,S,5.0,False,0.0
do,HQrItTW5,SNS,S,7.0,False,0.0
do,GV8eZkGg,SNS,S,10.0,False,0.0
do,o08qL0Mn,SNS,S,8.0,False,0.0
do,cSO9hUo0,SNS,S,5.0,False,0.0
do,ElBpJxZz,SNS,S,10.0,False,0.0
do,sjvQP1Sz,SNS,S,8.0,False,0.0
do,D1CinvqR,SNS,S,10.0,False,0.0
do,dpZ2msfz,SNS,S,8.0,False,0.0
do,qzIDhm0A,SNS,S,7.0,False,0.0
do,O39gb2yi,SNS,S,5.0,False,0.0
do,Xfz0Y2uR,SNS,S,5.0,False,0.0
do,JJKRjKU7,SNS,S,8.0,False,0.0
do,SZCZArw4,SNS,S,7.0,False,0.0
do,ZUoglheM,SNS,S,10.0,False,0.0
do,M8LOAb1m,SNS,S,7.0,False,0.0
do,dBIAyBYj,SNS,S,10.0,False,0.0
do,VIkQO3Eg,SNS,S,7.0,False,0.0
do,1xKGqkve,SNS,S,8.0,False,0.0
do,uEjQrN4b,NSW,W,6.0,False,0.08
do,ZkKETi5Y,NSW,W,0.0,False,0.08
do,4w4M2oVr,NSW,W,15.0,False,0.08
do,kpNTNDOt,NSW,W,0.0,False,0.08
do,m8fgUYaB,NSW,W,9.0,False,0.08
do,4PJloqz2,NSW,W,15.0,True,0.08
do,5lVzbFJt,NSW,W,0.0,False,0.08
do,JcVrEPEq,NSW,W,9.0,False,0.08
do,5OijyvCz,NSW,W,6.0,False,0.08
do,shLnuHE9,NSW,W,15.0,False,0.08
do,vJVt7SQa,NSW,W,6.0,True,0.08
do,tUXUp4cy,NSW,W,6.0,False,0.08
do,soQpVsa0,NSW,W,9.0,False,0.08
do,qwJovaR8,NSW,W,9.0,True,0.08
do,4CS1cho9,NSW,W,15.0,False,0.08
do,fWLb7Hlk,NSW,W,0.0,False,0.08
do,015iRjPo,NSW,W,15.0,False,0.08
do,jt630yv2,NSW,W,0.0,False,0.08
do,lNzXxZGC,NSW,W,9.0,True,0.08
do,KQKrfram,NSW,W,6.0,False,0.08
do,rncgeQMp,NSW,W,6.0,False,0.08
do,HQrItTW5,NSW,W,15.0,False,0.08
do,GV8eZkGg,NSW,W,9.0,False,0.08
do,o08qL0Mn,NSW,W,0.0,True,0.08
do,cSO9hUo0,NSW,W,6.0,False,0.08
do,ElBpJxZz,NSW,W,9.0,False,0.08
do,sjvQP1Sz,NSW,W,0.0,True,0.08
do,D1CinvqR,NSW,W,9.0,False,0.08
do,dpZ2msfz,NSW,W,0.0,False,0.08
do,qzIDhm0A,NSW,W,15.0,False,0.08
do,O39gb2yi,NSW,W,6.0,False,0.08
do,Xfz0Y2uR,NSW,W,6.0,False,0.08
do,JJKRjKU7,NSW,W,0.0,False,0.08
do,SZCZArw4,NSW,W,15.0,False,0.08
do,ZUoglheM,NSW,W,9.0,False,0.08
do,M8LOAb1m,NSW,W,15.0,True,0.08
do,M8LOAb1m,NSW,W,15.0,False,0.08
do,dBIAyBYj,NSW,W,9.0,False,0.08
do,VIkQO3Eg,NSW,W,15.0,False,0.08
do,1xKGqkve,NSW,W,0.0,False,0.08
do,uEjQrN4b,SWN,W,7.0,False,0.9383333333333332
do,ZkKETi5Y,SWN,W,11.0,True,0.9383333333333332
do,4w4M2oVr,SWN,W,4.0,True,0.9383333333333332
do,kpNTNDOt,SWN,W,11.0,False,0.9383333333333332
do,m8fgUYaB,SWN,W,8.0,True,0.9383333333333332
do,4PJloqz2,SWN,W,4.0,True,0.9383333333333332
do,5lVzbFJt,SWN,W,11.0,True,0.9383333333333332
do,JcVrEPEq,SWN,W,8.0,True,0.9383333333333332
do,5OijyvCz,SWN,W,7.0,True,0.9383333333333332
do,shLnuHE9,SWN,W,4.0,True,0.9383333333333332
do,vJVt7SQa,SWN,W,7.0,True,0.9383333333333332
do,tUXUp4cy,SWN,W,7.0,True,0.9383333333333332
do,soQpVsa0,SWN,W,8.0,True,0.9383333333333332
do,qwJovaR8,SWN,W,8.0,True,0.9383333333333332
do,4CS1cho9,SWN,W,4.0,True,0.9383333333333332
do,fWLb7Hlk,SWN,W,11.0,False,0.9383333333333332
do,015iRjPo,SWN,W,4.0,True,0.9383333333333332
do,jt630yv2,SWN,W,11.0,True,0.9383333333333332
do,lNzXxZGC,SWN,W,8.0,True,0.9383333333333332
do,KQKrfram,SWN,W,7.0,True,0.9383333333333332
do,rncgeQMp,SWN,W,7.0,True,0.9383333333333332
do,HQrItTW5,SWN,W,4.0,True,0.9383333333333332
do,GV8eZkGg,SWN,W,8.0,True,0.9383333333333332
do,o08qL0Mn,SWN,W,11.0,True,0.9383333333333332
do,cSO9hUo0,SWN,W,7.0,True,0.9383333333333332
do,ElBpJxZz,SWN,W,8.0,False,0.9383333333333332
do,sjvQP1Sz,SWN,W,11.0,False,0.9383333333333332
do,D1CinvqR,SWN,W,8.0,True,0.9383333333333332
do,dpZ2msfz,SWN,W,11.0,False,0.9383333333333332
do,qzIDhm0A,SWN,W,4.0,True,0.9383333333333332
do,qzIDhm0A,SWN,W,4.0,False,0.9383333333333332
do,O39gb2yi,SWN,W,7.0,False,0.9383333333333332
do,Xfz0Y2uR,SWN,W,7.0,False,0.9383333333333332
do,JJKRjKU7,SWN,W,11.0,False,0.9383333333333332
do,SZCZArw4,SWN,W,4.0,True,0.9383333333333332
do,ZUoglheM,SWN,W,8.0,True,0.9383333333333332
do,M8LOAb1m,SWN,W,4.0,True,0.9383333333333332
do,dBIAyBYj,SWN,W,8.0,False,0.9383333333333332
do,VIkQO3Eg,SWN,W,4.0,True,0.9383333333333332
do,1xKGqkve,SWN,W,11.0,False,0.9383333333333332
do,1xKGqkve,SWN,W,11.0,False,0.9383333333333332
do,uEjQrN4b,WNW,S,8.0,False,0.03
do,ZkKETi5Y,WNW,S,2.0,False,0.03
do,4w4M2oVr,WNW,S,13.0,False,0.03
do,kpNTNDOt,WNW,S,2.0,False,0.03
do,m8fgUYaB,WNW,S,7.0,False,0.03
do,4PJloqz2,WNW,S,13.0,False,0.03
do,5lVzbFJt,WNW,S,2.0,False,0.03
do,JcVrEPEq,WNW,S,7.0,False,0.03
do,5OijyvCz,WNW,S,8.0,False,0.03
do,shLnuHE9,WNW,S,13.0,False,0.03
do,vJVt7SQa,WNW,S,8.0,False,0.03
do,tUXUp4cy,WNW,S,8.0,False,0.03
do,soQpVsa0,WNW,S,7.0,False,0.03
do,qwJovaR8,WNW,S,7.0,False,0.03
do,4CS1cho9,WNW,S,13.0,False,0.03
do,fWLb7Hlk,WNW,S,2.0,False,0.03
do,015iRjPo,WNW,S,13.0,False,0.03
do,jt630yv2,WNW,S,2.0,False,0.03
do,lNzXxZGC,WNW,S,7.0,False,0.03
do,KQKrfram,WNW,S,8.0,False,0.03
do,rncgeQMp,WNW,S,8.0,False,0.03
do,HQrItTW5,WNW,S,13.0,False,0.03
do,GV8eZkGg,WNW,S,7.0,False,0.03
do,o08qL0Mn,WNW,S,2.0,False,0.03
do,cSO9hUo0,WNW,S,8.0,False,0.03
do,ElBpJxZz,WNW,S,7.0,False,0.03
do,sjvQP1Sz,WNW,S,2.0,False,0.03
do,D1CinvqR,WNW,S,7.0,False,0.03
do,dpZ2msfz,WNW,S,2.0,False,0.03
do,qzIDhm0A,WNW,S,13.0,False,0.03
do,O39gb2yi,WNW,S,8.0,False,0.03
do,Xfz0Y2uR,WNW,S,8.0,False,0.03
do,JJKRjKU7,WNW,S,2.0,False,0.03
do,SZCZArw4,WNW,S,13.0,False,0.03
do,ZUoglheM,WNW,S,7.0,False,0.03
do,M8LOAb1m,WNW,S,13.0,False,0.03
do,dBIAyBYj,WNW,S,7.0,False,0.03
do,VIkQO3Eg,WNW,S,13.0,False,0.03
do,1xKGqkve,WNW,S,2.0,False,0.03
do,uEjQrN4b,SNW,S,9.0,False,0.0
do,ZkKETi5Y,SNW,S,9.0,False,0.0
do,4w4M2oVr,SNW,S,6.0,False,0.0
do,kpNTNDOt,SNW,S,9.0,False,0.0
do,m8fgUYaB,SNW,S,6.0,False,0.0
do,4PJloqz2,SNW,S,6.0,False,0.0
do,5lVzbFJt,SNW,S,9.0,False,0.0
do,JcVrEPEq,SNW,S,6.0,False,0.0
do,5OijyvCz,SNW,S,9.0,False,0.0
do,shLnuHE9,SNW,S,6.0,False,0.0
do,vJVt7SQa,SNW,S,9.0,False,0.0
do,tUXUp4cy,SNW,S,9.0,False,0.0
do,soQpVsa0,SNW,S,6.0,False,0.0
do,qwJovaR8,SNW,S,6.0,False,0.0
do,4CS1cho9,SNW,S,6.0,False,0.0
do,fWLb7Hlk,SNW,S,9.0,False,0.0
do,015iRjPo,SNW,S,6.0,False,0.0
do,jt630yv2,SNW,S,9.0,False,0.0
do,lNzXxZGC,SNW,S,6.0,False,0.0
do,KQKrfram,SNW,S,9.0,False,0.0
do,rncgeQMp,SNW,S,9.0,False,0.0
do,HQrItTW5,SNW,S,6.0,False,0.0
do,GV8eZkGg,SNW,S,6.0,False,0.0
do,o08qL0Mn,SNW,S,9.0,False,0.0
do,cSO9hUo0,SNW,S,9.0,False,0.0
do,ElBpJxZz,SNW,S,6.0,False,0.0
do,sjvQP1Sz,SNW,S,9.0,False,0.0
do,D1CinvqR,SNW,S,6.0,False,0.0
do,dpZ2msfz,SNW,S,9.0,False,0.0
do,qzIDhm0A,SNW,S,6.0,False,0.0
do,O39gb2yi,SNW,S,9.0,False,0.0
do,Xfz0Y2uR,SNW,S,9.0,False,0.0
do,JJKRjKU7,SNW,S,9.0,False,0.0
do,SZCZArw4,SNW,S,6.0,False,0.0
do,ZUoglheM,SNW,S,6.0,False,0.0
do,M8LOAb1m,SNW,S,6.0,False,0.0
do,dBIAyBYj,SNW,S,6.0,False,0.0
do,VIkQO3Eg,SNW,S,6.0,False,0.0
do,1xKGqkve,SNW,S,9.0,False,0.0
do,uEjQrN4b,WNS,W,10.0,False,0.01
do,ZkKETi5Y,WNS,W,7.0,False,0.01
do,4w4M2oVr,WNS,W,8.0,False,0.01
do,kpNTNDOt,WNS,W,7.0,False,0.01
do,m8fgUYaB,WNS,W,5.0,False,0.01
do,4PJloqz2,WNS,W,8.0,False,0.01
do,5lVzbFJt,WNS,W,7.0,False,0.01
do,JcVrEPEq,WNS,W,5.0,False,0.01
do,5OijyvCz,WNS,W,10.0,False,0.01
do,shLnuHE9,WNS,W,8.0,False,0.01
do,vJVt7SQa,WNS,W,10.0,False,0.01
do,tUXUp4cy,WNS,W,10.0,False,0.01
do,soQpVsa0,WNS,W,5.0,False,0.01
do,qwJovaR8,WNS,W,5.0,False,0.01
do,4CS1cho9,WNS,W,8.0,False,0.01
do,fWLb7Hlk,WNS,W,7.0,False,0.01
do,015iRjPo,WNS,W,8.0,False,0.01
do,jt630yv2,WNS,W,7.0,False,0.01
do,lNzXxZGC,WNS,W,5.0,False,0.01
do,KQKrfram,WNS,W,10.0,False,0.01
do,rncgeQMp,WNS,W,10.0,False,0.01
do,HQrItTW5,WNS,W,8.0,False,0.01
do,GV8eZkGg,WNS,W,5.0,False,0.01
do,o08qL0Mn,WNS,W,7.0,False,0.01
do,cSO9hUo0,WNS,W,10.0,False,0.01
do,ElBpJxZz,WNS,W,5.0,False,0.01
do,sjvQP1Sz,WNS,W,7.0,False,0.01
do,D1CinvqR,WNS,W,5.0,False,0.01
do,dpZ2msfz,WNS,W,7.0,False,0.01
do,qzIDhm0A,WNS,W,8.0,False,0.01
do,O39gb2yi,WNS,W,10.0,False,0.01
do,Xfz0Y2uR,WNS,W,10.0,False,0.01
do,JJKRjKU7,WNS,W,7.0,False,0.01
do,SZCZArw4,WNS,W,8.0,False,0.01
do,ZUoglheM,WNS,W,5.0,False,0.01
do,M8LOAb1m,WNS,W,8.0,False,0.01
do,dBIAyBYj,WNS,W,5.0,False,0.01
do,VIkQO3Eg,WNS,W,8.0,False,0.01
do,1xKGqkve,WNS,W,7.0,False,0.01
do,uEjQrN4b,NSW,S,11.0,True,0.9683333333333333
do,ZkKETi5Y,NSW,S,12.0,False,0.9683333333333333
do,4w4M2oVr,NSW,S,3.0,True,0.9683333333333333
do,kpNTNDOt,NSW,S,12.0,True,0.9683333333333333
do,m8fgUYaB,NSW,S,4.0,False,0.9683333333333333
do,4PJloqz2,NSW,S,3.0,True,0.9683333333333333
do,5lVzbFJt,NSW,S,12.0,True,0.9683333333333333
do,JcVrEPEq,NSW,S,4.0,True,0.9683333333333333
do,5OijyvCz,NSW,S,11.0,False,0.9683333333333333
do,shLnuHE9,NSW,S,3.0,False,0.9683333333333333
do,vJVt7SQa,NSW,S,11.0,False,0.9683333333333333
do,tUXUp4cy,NSW,S,11.0,True,0.9683333333333333
do,soQpVsa0,NSW,S,4.0,True,0.9683333333333333
do,qwJovaR8,NSW,S,4.0,True,0.9683333333333333
do,4CS1cho9,NSW,S,3.0,True,0.9683333333333333
do,fWLb7Hlk,NSW,S,12.0,False,0.9683333333333333
do,015iRjPo,NSW,S,3.0,True,0.9683333333333333
do,jt630yv2,NSW,S,12.0,False,0.9683333333333333
do,lNzXxZGC,NSW,S,4.0,False,0.9683333333333333
do,KQKrfram,NSW,S,11.0,False,0.9683333333333333
do,rncgeQMp,NSW,S,11.0,True,0.9683333333333333
do,HQrItTW5,NSW,S,3.0,True,0.9683333333333333
do,GV8eZkGg,NSW,S,4.0,True,0.9683333333333333
do,o08qL0Mn,NSW,S,12.0,True,0.9683333333333333
do,cSO9hUo0,NSW,S,11.0,False,0.9683333333333333
do,ElBpJxZz,NSW,S,4.0,True,0.9683333333333333
do,sjvQP1Sz,NSW,S,12.0,False,0.9683333333333333
do,D1CinvqR,NSW,S,4.0,False,0.9683333333333333
do,dpZ2msfz,NSW,S,12.0,False,0.9683333333333333
do,qzIDhm0A,NSW,S,3.0,True,0.9683333333333333
do,O39gb2yi,NSW,S,11.0,True,0.9683333333333333
do,Xfz0Y2uR,NSW,S,11.0,False,0.9683333333333333
do,JJKRjKU7,NSW,S,12.0,False,0.9683333333333333
do,SZCZArw4,NSW,S,3.0,True,0.9683333333333333
do,ZUoglheM,NSW,S,4.0,True,0.9683333333333333
do,M8LOAb1m,NSW,S,3.0,True,0.9683333333333333
do,dBIAyBYj,NSW,S,4.0,False,0.9683333333333333
do,VIkQO3Eg,NSW,S,3.0,True,0.9683333333333333
do,1xKGqkve,NSW,S,12.0,True,0.9683333333333333
do,uEjQrN4b,WNW,W,12.0,False,0.01
do,ZkKETi5Y,WNW,W,4.0,False,0.01
do,4w4M2oVr,WNW,W,11.0,False,0.01
do,kpNTNDOt,WNW,W,4.0,False,0.01
do,m8fgUYaB,WNW,W,3.0,False,0.01
do,4PJloqz2,WNW,W,11.0,False,0.01
do,5lVzbFJt,WNW,W,4.0,False,0.01
do,JcVrEPEq,WNW,W,3.0,False,0.01
do,5OijyvCz,WNW,W,12.0,False,0.01
do,shLnuHE9,WNW,W,11.0,False,0.01
do,vJVt7SQa,WNW,W,12.0,False,0.01
do,tUXUp4cy,WNW,W,12.0,False,0.01
do,soQpVsa0,WNW,W,3.0,False,0.01
do,qwJovaR8,WNW,W,3.0,False,0.01
do,4CS1cho9,WNW,W,11.0,False,0.01
do,fWLb7Hlk,WNW,W,4.0,False,0.01
do,015iRjPo,WNW,W,11.0,False,0.01
do,jt630yv2,WNW,W,4.0,False,0.01
do,lNzXxZGC,WNW,W,3.0,False,0.01
do,KQKrfram,WNW,W,12.0,False,0.01
do,rncgeQMp,WNW,W,12.0,False,0.01
do,HQrItTW5,WNW,W,11.0,False,0.01
do,GV8eZkGg,WNW,W,3.0,False,0.01
do,o08qL0Mn,WNW,W,4.0,False,0.01
do,cSO9hUo0,WNW,W,12.0,False,0.01
do,ElBpJxZz,WNW,W,3.0,False,0.01
do,sjvQP1Sz,WNW,W,4.0,False,0.01
do,D1CinvqR,WNW,W,3.0,False,0.01
do,dpZ2msfz,WNW,W,4.0,False,0.01
do,qzIDhm0A,WNW,W,11.0,False,0.01
do,O39gb2yi,WNW,W,12.0,False,0.01
do,Xfz0Y2uR,WNW,W,12.0,False,0.01
do,JJKRjKU7,WNW,W,4.0,False,0.01
do,SZCZArw4,WNW,W,11.0,False,0.01
do,ZUoglheM,WNW,W,3.0,False,0.01
do,M8LOAb1m,WNW,W,11.0,False,0.01
do,dBIAyBYj,WNW,W,3.0,False,0.01
do,VIkQO3Eg,WNW,W,11.0,False,0.01
do,1xKGqkve,WNW,W,4.0,False,0.01
do,uEjQrN4b,WNS,S,13.0,False,0.03
do,ZkKETi5Y,WNS,S,15.0,False,0.03
do,4w4M2oVr,WNS,S,0.0,False,0.03
do,kpNTNDOt,WNS,S,15.0,False,0.03
do,m8fgUYaB,WNS,S,2.0,False,0.03
do,4PJloqz2,WNS,S,0.0,False,0.03
do,5lVzbFJt,WNS,S,15.0,False,0.03
do,JcVrEPEq,WNS,S,2.0,False,0.03
do,5OijyvCz,WNS,S,13.0,False,0.03
do,shLnuHE9,WNS,S,0.0,False,0.03
do,vJVt7SQa,WNS,S,13.0,False,0.03
do,tUXUp4cy,WNS,S,13.0,False,0.03
do,soQpVsa0,WNS,S,2.0,False,0.03
do,qwJovaR8,WNS,S,2.0,False,0.03
do,4CS1cho9,WNS,S,0.0,False,0.03
do,fWLb7Hlk,WNS,S,15.0,False,0.03
do,015iRjPo,WNS,S,0.0,False,0.03
do,jt630yv2,WNS,S,15.0,False,0.03
do,lNzXxZGC,WNS,S,2.0,False,0.03
do,KQKrfram,WNS,S,13.0,False,0.03
do,rncgeQMp,WNS,S,13.0,False,0.03
do,HQrItTW5,WNS,S,0.0,False,0.03
do,GV8eZkGg,WNS,S,2.0,False,0.03
do,o08qL0Mn,WNS,S,15.0,False,0.03
do,cSO9hUo0,WNS,S,13.0,False,0.03
do,ElBpJxZz,WNS,S,2.0,False,0.03
do,sjvQP1Sz,WNS,S,15.0,False,0.03
do,D1CinvqR,WNS,S,2.0,False,0.03
do,dpZ2msfz,WNS,S,15.0,False,0.03
do,qzIDhm0A,WNS,S,0.0,False,0.03
do,O39gb2yi,WNS,S,13.0,False,0.03
do,Xfz0Y2uR,WNS,S,13.0,False,0.03
do,JJKRjKU7,WNS,S,15.0,False,0.03
do,SZCZArw4,WNS,S,0.0,False,0.03
do,ZUoglheM,WNS,S,2.0,False,0.03
do,M8LOAb1m,WNS,S,0.0,False,0.03
do,dBIAyBYj,WNS,S,2.0,False,0.03
do,VIkQO3Eg,WNS,S,0.0,False,0.03
do,1xKGqkve,WNS,S,15.0,False,0.03
do,uEjQrN4b,WSN,W,14.0,False,0.0
do,ZkKETi5Y,WSN,W,1.0,True,0.0
do,4w4M2oVr,WSN,W,14.0,False,0.0
do,kpNTNDOt,WSN,W,1.0,False,0.0
do,m8fgUYaB,WSN,W,1.0,False,0.0
do,4PJloqz2,WSN,W,14.0,False,0.0
do,5lVzbFJt,WSN,W,1.0,False,0.0
do,JcVrEPEq,WSN,W,1.0,False,0.0
do,5OijyvCz,WSN,W,14.0,False,0.0
do,5OijyvCz,WSN,W,14.0,False,0.0
do,shLnuHE9,WSN,W,14.0,False,0.0
do,vJVt7SQa,WSN,W,14.0,False,0.0
do,tUXUp4cy,WSN,W,14.0,True,0.0
do,soQpVsa0,WSN,W,1.0,False,0.0
do,soQpVsa0,WSN,W,1.0,False,0.0
do,qwJovaR8,WSN,W,1.0,True,0.0
do,qwJovaR8,WSN,W,1.0,False,0.0
do,4CS1cho9,WSN,W,14.0,False,0.0
do,fWLb7Hlk,WSN,W,1.0,True,0.0
do,015iRjPo,WSN,W,14.0,False,0.0
do,jt630yv2,WSN,W,1.0,False,0.0
do,jt630yv2,WSN,W,1.0,False,0.0
do,lNzXxZGC,WSN,W,1.0,False,0.0
do,lNzXxZGC,WSN,W,1.0,False,0.0
do,KQKrfram,WSN,W,14.0,False,0.0
do,rncgeQMp,WSN,W,14.0,False,0.0
do,HQrItTW5,WSN,W,14.0,False,0.0
do,GV8eZkGg,WSN,W,1.0,True,0.0
do,o08qL0Mn,WSN,W,1.0,False,0.0
do,o08qL0Mn,WSN,W,1.0,False,0.0
do,cSO9hUo0,WSN,W,14.0,True,0.0
do,ElBpJxZz,WSN,W,1.0,False,0.0
do,sjvQP1Sz,WSN,W,1.0,True,0.0
do,D1CinvqR,WSN,W,1.0,True,0.0
do,dpZ2msfz,WSN,W,1.0,False,0.0
do,dpZ2msfz,WSN,W,1.0,False,0.0
do,qzIDhm0A,WSN,W,14.0,False,0.0
do,O39gb2yi,WSN,W,14.0,False,0.0
do,Xfz0Y2uR,WSN,W,14.0,False,0.0
do,JJKRjKU7,WSN,W,1.0,False,0.0
do,SZCZArw4,WSN,W,14.0,False,0.0
do,ZUoglheM,WSN,W,1.0,True,0.0
do,ZUoglheM,WSN,W,1.0,False,0.0
do,M8LOAb1m,WSN,W,14.0,False,0.0
do,dBIAyBYj,WSN,W,1.0,False,0.0
do,VIkQO3Eg,WSN,W,14.0,False,0.0
do,1xKGqkve,WSN,W,1.0,False,0.0
do,uEjQrN4b,WSN,S,15.0,True,0.98
do,ZkKETi5Y,WSN,S,14.0,True,0.98
do,4w4M2oVr,WSN,S,1.0,True,0.98
do,kpNTNDOt,WSN,S,14.0,True,0.98
do,m8fgUYaB,WSN,S,0.0,True,0.98
do,4PJloqz2,WSN,S,1.0,True,0.98
do,5lVzbFJt,WSN,S,14.0,True,0.98
do,JcVrEPEq,WSN,S,0.0,False,0.98
do,5OijyvCz,WSN,S,15.0,True,0.98
do,shLnuHE9,WSN,S,1.0,True,0.98
do,vJVt7SQa,WSN,S,15.0,True,0.98
do,tUXUp4cy,WSN,S,15.0,True,0.98
do,soQpVsa0,WSN,S,0.0,True,0.98
do,qwJovaR8,WSN,S,0.0,False,0.98
do,4CS1cho9,WSN,S,1.0,True,0.98
do,fWLb7Hlk,WSN,S,14.0,False,0.98
do,015iRjPo,WSN,S,1.0,True,0.98
do,jt630yv2,WSN,S,14.0,True,0.98
do,lNzXxZGC,WSN,S,0.0,True,0.98
do,KQKrfram,WSN,S,15.0,True,0.98
do,rncgeQMp,WSN,S,15.0,True,0.98
do,HQrItTW5,WSN,S,1.0,True,0.98
do,GV8eZkGg,WSN,S,0.0,True,0.98
do,o08qL0Mn,WSN,S,14.0,True,0.98
do,cSO9hUo0,WSN,S,15.0,True,0.98
do,ElBpJxZz,WSN,S,0.0,True,0.98
do,sjvQP1Sz,WSN,S,14.0,False,0.98
do,D1CinvqR,WSN,S,0.0,False,0.98
do,dpZ2msfz,WSN,S,14.0,False,0.98
do,qzIDhm0A,WSN,S,1.0,True,0.98
do,O39gb2yi,WSN,S,15.0,True,0.98
do,Xfz0Y2uR,WSN,S,15.0,True,0.98
do,JJKRjKU7,WSN,S,14.0,True,0.98
do,SZCZArw4,WSN,S,1.0,True,0.98
do,ZUoglheM,WSN,S,0.0,True,0.98
do,M8LOAb1m,WSN,S,1.0,True,0.98
do,dBIAyBYj,WSN,S,0.0,False,0.98
do,VIkQO3Eg,WSN,S,1.0,True,0.98
do,1xKGqkve,WSN,S,14.0,True,0.98
